X,S,C
0,0.582920386472324,-0.009639568727112977
1,0.5700770990674897,-0.009730912692816342
2,0.5572544845677143,-0.00980431669380997
3,0.5444750194306067,-0.009859002867367676
4,0.5317611211537852,-0.009894225482464273
5,0.5191351245766924,-0.009909278289888608
6,0.5066192582656512,-0.009903501700711068
7,0.49423562100542284,-0.009876289671734787
8,0.48200615842075933,-0.009827096177044923
9,0.46995263975136936,-0.009755441150774693
10,0.4580966348032618,-0.009660915793342688
11,0.4464594911001143,-0.009543187148165662
12,0.43506231125626726,-0.009402001868036731
13,0.4239259305955727,-0.009237189114130432
14,0.4130708950368458,-0.009048662547041396
15,0.40251743926909,-0.008836421395605526
16,0.39228546523795416,-0.008600550611901014
17,0.3823945209647803,-0.008341220143977835
18,0.37286377971952334,-0.008058683381959905
19,0.36371201956850996,-0.007753274853030046
20,0.35495760331732384,-0.007425407260426887
21,0.3466184588685124,-0.007075567975073736
22,0.3387120600148137,-0.006704315102907691
23,0.3312554076857879,-0.006312273254902523
24,0.3242650116675705,-0.005900129153804866
25,0.3177568728136677,-0.005468627207520216
26,0.3117464657648483,-0.0050185651769839995
27,0.30624872219470234,-0.004550790054738202
28,0.30127801459893533,-0.004066194261723498
29,0.29684814064340515,-0.0035657122511614215
30,0.2929723080871227,-0.0030503175935942166
31,0.28966312029570673,-0.0025210205974416844
32,0.2869325623589134,-0.0019788664955129997
33,0.28479198782719806,-0.001424934211566346
34,0.2832521060796651,-0.0008603356930624637
35,0.2823229703372334,-0.0002862157775554105
36,0.2820139663316752,0.0002962474646404322
37,0.28233380164345334,0.0008858419830047929
38,0.2832904957178002,0.0014813207051682683
39,0.2848913705701577,0.0020814003011353217
40,0.2871430421895482,0.002684759900861613
41,0.2900514126491771,0.003290039908059852
42,0.2936216629319617,0.00389584107161256
43,0.2978582464784907,0.004500723987056863
44,0.3027648834637091,0.005103209202294657
45,0.30834455580860265,0.005701778103721453
46,0.31459950293159267,0.006294874754776453
47,0.3215312182443171,0.006880908847898549
48,0.329140446395634,0.007458259913141605
49,0.3374271812660119,0.008025282905212944
50,0.34639066471556035,0.008580315256510623
51,0.3560293860863375,0.009121685447508908
52,0.3663410824597868,0.009647723100455814
53,0.37732273966974006,0.010156770549931962
54,0.38897059406919254,0.010647195790935085
55,0.40128013505061944,0.011117406642286845
56,0.4142461083159965,0.011565865909082386
57,0.4278625198951609,0.011991107265126309
58,0.44212264090715436,0.012391751528825518
59,0.4570190130609575,0.012766522959484418
60,0.47254345489069394,0.013114265166383282
61,0.48868706871769163,0.013433956208659977
62,0.5054402483349598,0.01372472245431575
63,0.5227926874046744,0.013985850786652983
64,0.5407333885618009,0.014216798774497321
65,0.5592506732145104,0.01441720247406701
66,0.5783321920320112,0.014586881594632879
67,0.5979649361095127,0.014725841838615871
68,0.6181352487996179,0.014834274313589144
69,0.6388288381984282,0.014912552007081446
70,0.6600307902745897,0.01496122340649225
71,0.6817255826276494,0.014981003437703505
72,0.7038970988633295,0.014972761973337745
73,0.7265286435706955,0.014937510232379346
74,0.7496029578876637,0.014876385443074782
75,0.7731022356383299,0.014790634179942279
76,0.7970081400273372,0.014681594801316793
77,0.8213018208743499,0.014550679416901286
78,0.8459639323728005,0.014399355796622545
79,0.8709746513532473,0.01422912960789667
80,0.8963136960363514,0.014041527321346815
81,0.9219603452545186,0.01383808008250444
82,0.9478934581254386,0.013620308787028948
83,0.974091494156248,0.013389710545630285
84,1.0005325337603423,0.013147746664227439
85,1.0271942991654441,0.012895832214653897
86,1.0540541756929898,0.012635327220862769
87,1.081089233388333,0.012367529441160456
88,1.108276248978953,0.012093668694017703
89,1.1355917281408097,0.011814902641849779
90,1.1630119280509703,0.011532313925041414
91,1.1905128802013998,0.01124690852691211
92,1.2180704134567506,0.010959615232436323
93,1.2456601773279417,0.010671286047595107
94,1.273257665442273,0.010382697440427746
95,1.3008382391862412,0.010094552270024903
96,1.3283771514962268,0.009807482278717555
97,1.3558495707760123,0.009522051027546203
98,1.3832306049157381,0.00923875716835089
99,1.4104953253893235,0.00895803795601489
100,1.4376187914074663,0.008680272914111784
101,1.4645760741003784,0.008405787581647789
102,1.4913422807085226,0.008134857276483892
103,1.5178925787566655,0.007867710822962002
104,1.5442022201866408,0.007604534200899086
105,1.570246565427663,0.007345474079748692
106,1.5960011073762566,0.007090641213377897
107,1.6214414952664704,0.006840113673074657
108,1.6465435584045842,0.006593939905807439
109,1.6712833297448029,0.006352141608328343
110,1.6956370692834248,0.0061147164124747645
111,1.7195812872488645,0.005881640379551341
112,1.7430927670627199,0.005652870306724217
113,1.7661485880523031,0.00542834584728831
114,1.7887261478887382,0.00520799145251081
115,1.8108031847308936,0.004991718140590992
116,1.8323577990541509,0.004779425100300619
117,1.8533684751374153,0.004571001140061096
118,1.8738141021950483,0.00436632598809924
119,1.8936739951252193,0.004165271455585921
120,1.9129279148592602,0.003967702469940053
121,1.9315560882893195,0.003773477988805691
122,1.94953922775683,0.0035824518010214236
123,1.9668585500797136,0.0033944732254863083
124,1.9834957951019803,0.0032093877141500743
125,1.999433243746509,0.0030270373665675096
126,2.014653735553054,0.0028472613637615146
127,2.0291406856843253,0.0026698963277593316
128,2.04287810138311,0.0024947766117316313
129,2.055850597864776,0.002321734527906618
130,2.068043413628388,0.0021506005170301577
131,2.079442425173255,0.001981203264007275
132,2.0900341611031905,0.0018133697654287753
133,2.0998058156078514,0.0016469253502317907
134,2.108745261306481,0.001481693658472981
135,2.1168410614392172,0.0013174965819486443
136,2.1240824813988866,0.00115415416692914
137,2.1304594995865926,0.000991484482275178
138,2.135962817583305,0.0008293034565337673
139,2.1405838696272212,0.0006674246835430577
140,2.1443148313861684,0.0005056591977929911
141,2.1471486280178453,0.0003438152246712846
142,2.1490789415083924,0.0001816978999783284
143,2.1501002172835797,1.9108960013834488e-05
144,2.1502076700849955,-0.0001441535662664366
145,2.149397289105366,-0.0003082957585099283
146,2.1476658423782453,-0.00047352814075325467
147,2.1450108804174732,-0.0006400661127290414
148,2.141430739103768,-0.0008081303751377425
149,2.136924541812874,-0.0009779473855115203
150,2.1314922007862123,-0.0011497498405705414
151,2.125134417740483,-0.0013237771805454338
152,2.1178526837175013,-0.0015002761218958962
153,2.10964927817038,-0.0016795012130315621
154,2.100527267293188,-0.0018617154149149413
155,2.0904905015893434,-0.0020471907071428126
156,2.07954361268456,-0.0022362087173658043
157,2.067692009387642,-0.0024290613744751676
158,2.054941873000047,-0.002626051584407405
159,2.041300151882041,-0.0028274939255162807
160,2.026774555279701,-0.0030337153641278296
161,2.011373546415399,-0.0032450559836490153
162,1.9951063348561888,-0.0034618697283586323
163,1.9779828681581648,-0.003684525151870541
164,1.9600138228022104,-0.003913406168540712
165,1.9412105944275027,-0.004148912799337919
166,1.9215852873693962,-0.004391461900804053
167,1.901150703518283,-0.004641487868909402
168,1.8799203305045467,-0.004899443302649685
169,1.8579083292224254,-0.005165799610389244
170,1.835129520708648,-0.00544104754001685
171,1.8115993723832275,-0.005725697607646514
172,1.787333983669555,-0.006020280397112754
173,1.7623500710077735,-0.006325346696122901
174,1.7366649522722355,-0.00664146742707114
175,1.7102965306150963,-0.006969233327658856
176,1.6832632777449703,-0.007309254322812856
177,1.6555842166605146,-0.007662158523461131
178,1.627278903857217,-0.008028590777274457
179,1.5983674110203765,-0.008409210680907813
180,1.56887030622687,-0.008804689954991982
181,1.5388086346702892,-0.009215709063354342
182,1.5082038989316402,-0.009642952946386361
183,1.4770780388125502,-0.010087105718266083
184,1.4454534107516395,-0.010548844161279838
185,1.4133527668440138,-0.011028829832105598
186,1.380799233485277,-0.011527699577819695
187,1.3478162896589936,-0.012046054240906198
188,1.314427744892157,-0.012584445323659153
189,1.280657716895945,-0.013143359368193299
190,1.2465306089178227,-0.013723199811852663
191,1.2120710868248068,-0.014324266085078453
192,1.177304055940283,-0.014946729740327949
193,1.142254637659022,-0.015590607446876768
194,1.1069481458607413,-0.016255730747841698
195,1.0714100631474537,-0.01694171257575514
196,1.0356660169268253,-0.017647910654063095
197,0.9997417553643686,-0.01837338808653642
198,0.9636631232303898,-0.01911687166415419
199,0.927456037662779,-0.01987670869157237
200,0.8911464638702,-0.020650823466204733
201,0.8547603908005499,-0.021436674922825805
202,0.8183238067973093,-0.02223121737270549
203,0.781862675267547,-0.023030866701517452
204,0.7454029103868436,-0.02383147481870947
205,0.708970352862849,-0.024628315517488623
206,0.6725907457834808,-0.02541608517216307
207,0.6362897105711909,-0.02618892178355343
208,0.6000927230681441,-0.02694044572817429
209,0.5640250897764929,-0.02766382509712827
210,0.5281119242745831,-0.028351867661475853
211,0.49237812383398705,-0.028997140258006808
212,0.45684834626084125,-0.029592114756029436
213,0.42154698698141146,-0.030129337798576624
214,0.386498156397721,-0.030601619370459215
215,0.35172565753236995,-0.031002233084751876
216,0.31725296398681735,-0.031325119177729475
217,0.28310319823287955,-0.031565079791595736
218,0.2492991102594715,-0.031717955470447964
219,0.21586305659573668,-0.03178077207179932
220,0.18281697973080213,-0.031751848584847336
221,0.1501823879488029,-0.031630858589413766
222,0.11798033560251042,-0.03141884112129422
223,0.08623140384051453,-0.031118160179314795
224,0.054955681809730095,-0.03073241568787282
225,0.02417274835028138,-0.030266311980626705
226,-0.006098345798449145,-0.029725492479968287
227,-0.035839095264890375,-0.02911635094840669
228,-0.06503155676688266,-0.02844583039413962
229,-0.09365836527211968,-0.027721220430882754
230,-0.12170274958285177,-0.02694996277158722
231,-0.1491485473274281,-0.02613947281447372
232,-0.17598021934665553,-0.0252969831896318
233,-0.20218286345826186,-0.024429412967373124
234,-0.22774222758943097,-0.023543264156981516
235,-0.25264472226092494,-0.022644545354640732
236,-0.27687743241395424,-0.02173872097257722
237,-0.3004281285664945,-0.020830683477125165
238,-0.3232852772886474,-0.019924745438300414
239,-0.3454380509876387,-0.019024647909725696
240,-0.3668763369916803,-0.01813358165626165
241,-0.3875907459253938,-0.01725421793971288
242,-0.40757261936803957,-0.016388745908547858
243,-0.4268140367871638,-0.015538914045617738
244,-0.4453078217409825,-0.014706073564378088
245,-0.4630475473450417,-0.013891222068316972
246,-0.4800275409946835,-0.013095046194966604
247,-0.4962428883435166,-0.012317962303719072
248,-0.5116894365300197,-0.011560154577848102
249,-0.5263637966515375,-0.01082161015043519
250,-0.5402633454832539,-0.010102151060548771
251,-0.5533862264402671,-0.009401462997368357
252,-0.5657313497818279,-0.008719120901473493
253,-0.5772983920591059,-0.00805461156754654
254,-0.5880877948054604,-0.00740735344876709
255,-0.5981007624719155,-0.006776713891470864
256,-0.6073392596104839,-0.006162024042082343
257,-0.6158060073068441,-0.005562591674998416
258,-0.6235044788673179,-0.004977712181044356
259,-0.6304388947651205,-0.004406677944792382
260,-0.6366142168495799,-0.0038487863256255438
261,-0.6420361418249172,-0.0033033464399621145
262,-0.6467110940067471,-0.002769684919554393
263,-0.6506462173609009,-0.0022471508096165113
264,-0.6538493668353453,-0.0017351197458285886
265,-0.6563290989923019,-0.0012329975358535152
266,-0.6580946619507131,-0.000740223254186465
267,-0.6591559846493453,-0.00025627194539106266
268,-0.6595236654410144,0.00021934299064112092
269,-0.6592089600296163,0.0006870676465989158
270,-0.6582237687623547,0.0011473056637897202
271,-0.6565806232894431,0.0016004164153138147
272,-0.6542926726050382,0.002046713308990701
273,-0.6513736684839273,0.0024864621703271973
274,-0.6478379503268457,0.0029198796912376975
275,-0.6437004294324424,0.0033471319381427203
276,-0.6389765727086569,0.003768332913396863
277,-0.6336823858420075,0.004183543179127835
278,-0.6278343959409369,0.004592768557219144
279,-0.6214496336702666,0.004995958922982228
280,-0.6145456148946664,0.005393007120715822
281,-0.6071403218507214,0.005783748034001587
282,-0.5992521838647349,0.0061679578494998645
283,-0.5909000576359915,0.00654535355608908
284,-0.5821032071068828,0.006915592731668328
285,-0.572881282936919,0.007278273665853598
286,-0.563254301603763,0.007632935875541313
287,-0.5532426241517783,0.007979061071024179
288,-0.542866934606991,0.008316074624815312
289,-0.5321482180836483,0.008643347602273631
290,-0.5211077386014722,0.008960199402587183
291,-0.5097670166362036,0.00926590105351475
292,-0.49814780642773826,0.00955967920108088
293,-0.48627207306492437,0.009840720813640567
294,-0.47416196937390964,0.010108178618962994
295,-0.4618398126302168,0.010361177268878996
296,-0.4493280611182229,0.01059882020988657
297,-0.43664929056299684,0.010820197222889624
298,-0.42382617045629445,0.011024392570258506
299,-0.4108814403002157,0.011210493665961668
300,-0.39783788579450174,0.011377600171014466
301,-0.38471831498745246,0.011524833382701702
302,-0.3715455344185443,0.011651345783301178
303,-0.3583423252721616,0.011756330581996979
304,-0.3451314195702935,0.011839031086010636
305,-0.3319354764242348,0.011898749716850461
306,-0.31877705837212034,0.01193485649586693
307,-0.30567860782332446,0.011946796817471336
308,-0.2926624236351074,0.011934098346077338
309,-0.27975063784299437,0.011896376880080627
310,-0.2669651925704102,0.011833341056721059
311,-0.2543278171381189,0.011744795789162788
312,-0.24186000539782526,0.011630644364309868
313,-0.22958299331199328,0.011490889160648518
314,-0.21751773680205133,0.01132563098122442
315,-0.20568488988809008,0.01113506703555485
316,-0.19410478314026136,0.010919487636773098
317,-0.18279740246308052,0.010679271708845181
318,-0.17178236823798443,0.01041488124374877
319,-0.16107891483778758,0.01012685484842226
320,-0.15070587054012208,0.009815800563846549
321,-0.1406816378557778,0.009482388135469548
322,-0.1310241742935716,0.009127340930833384
323,-0.1217509735791964,0.008751427693211683
324,-0.11287904734928134,0.008355454325823334
325,-0.10442490733538534,0.007940255878081531
326,-0.09640454805986565,0.007506688907618519
327,-0.08883343005641109,0.0070556243571343645
328,-0.08172646363647118,0.006587941084017366
329,-0.07509799321314858,0.0061045201405482905
330,-0.06896178220290494,0.0056062398993903815
331,-0.06333099851570978,0.005093972080456126
332,-0.05821820065142447,0.004568578727207102
333,-0.05363532441472785,0.004030910152522552
334,-0.04959367026171435,0.0034818038582685043
335,-0.046103891291863874,0.0029220844173065493
336,-0.04317598189609839,0.0023525642875080483
337,-0.04081926707345929,0.0017740455192157745
338,-0.03904239242606877,0.0011873222999564902
339,-0.03785331484277776,0.0005931842719673757
340,-0.037259293881476196,-7.579478241244826e-06
341,-0.03726688385714283,-0.0006141756539765743
342,-0.037881926645383146,-0.0012258018663966496
343,-0.03910954520705445,-0.0018416407972247804
344,-0.04095413784150992,-0.0024608544575265867
345,-0.04341937317408906,-0.003082578101310547
346,-0.04650818588240213,-0.0037059141155629245
347,-0.05022277316635382,-0.004329925999828996
348,-0.054564591964890496,-0.004953632591283974
349,-0.05953435692288167,-0.0055760026979521865
350,-0.06513203910995458,-0.0061959503144798115
351,-0.0713568654923904,-0.006812330604150885
352,-0.07820731915921897,-0.0074239368348796965
353,-0.0856811403018014,-0.008029498462716248
354,-0.09377532794684384,-0.0086276805520899
355,-0.10248614243985799,-0.009217084720042776
356,-0.11180910867798843,-0.009796251774118898
357,-0.121739020088512,-0.010363666194959441
358,-0.13226994334908682,-0.010917762584969017
359,-0.14339522384537418,-0.01145693416531384
360,-0.15510749186037742,-0.01197954335641522
361,-0.1673986694899554,-0.012483934417825094
362,-0.18025997827692208,-0.01296844806211619
363,-0.19368194755745094,-0.013431437880765023
364,-0.20765442351009256,-0.013871288350405523
365,-0.22216657889970293,-0.014286434107341782
366,-0.23720692350650552,-0.014675380106868205
367,-0.252763315229231,-0.015036722219035355
368,-0.26882297185190396,-0.015369167758189013
369,-0.2853724834637035,-0.015671555402155212
370,-0.3023978255176587,-0.015942873943019818
371,-0.319884372516384,-0.016182279312814987
372,-0.3378169123124053,-0.016389109351090937
373,-0.3561796610059673,-0.016562895843501697
374,-0.3749562784298348,-0.01670337342049186
375,-0.3941298842008223,-0.01681048501828561
376,-0.41368307432782103,-0.016884383694965567
377,-0.4335979383539552,-0.01692543073569766
378,-0.453856077021328,-0.01693419008809211
379,-0.4744386204372688,-0.016911419302887774
380,-0.49532624672556835,-0.016858057262559612
381,-0.5164992011446543,-0.016775209077838703
382,-0.537937315652016,-0.016664128615783706
383,-0.5596200288982516,-0.016526199171187562
384,-0.5815264066281998,-0.016362912833139356
385,-0.6036351624711926,-0.016175849099254996
386,-0.6259246790983752,-0.015966653279496233
387,-0.6483730297264856,-0.01573701519559716
388,-0.6709579999483708,-0.015488648626453522
389,-0.6936571098653985,-0.015223271894454177
390,-0.7164476365031192,-0.01494258990791055
391,-0.7393066364871288,-0.014648277902480885
392,-0.7622109689543493,-0.014341967053400647
393,-0.7851373186797446,-0.014025232054580505
394,-0.8080622193973568,-0.013699580691373335
395,-0.8309620772851929,-0.013366445391025154
396,-0.8538131945982173,-0.013027176672101747
397,-0.8765917934252343,-0.012683038378579104
398,-0.8992740395397902,-0.012335204565958865
399,-0.9218360663289786,-0.01198475787246301
400,-0.9442539987726093,-0.011632689206855479
401,-0.9665039774505431,-0.011279898573168582
402,-0.9885621825509645,-0.01092719686249103
403,-1.0104048578617153,-0.010575308437150228
404,-1.032008334716096,-0.010224874351179292
405,-1.0533490558707115,-0.009876456059708577
406,-1.074403599291145,-0.009530539486377627
407,-1.0951487018265595,-0.009187539324718707
408,-1.1155612827405719,-0.008847803478496
409,-1.1356184670827076,-0.008511617549146868
410,-1.155297608877433,-0.008179209292829923
411,-1.1745763141002215,-0.0078507529933161
412,-1.1934324634260776,-0.007526373696231692
413,-1.2118442347243672,-0.007206151268330022
414,-1.2297901252779297,-0.006890124251323048
415,-1.2472489737023977,-0.006578293493481487
416,-1.264199981549396,-0.006270625540188027
417,-1.280622734566876,-0.005967055778231478
418,-1.296497223596134,-0.005667491332458631
419,-1.3118038650891037,-0.0053718137116307105
420,-1.3265235212199116,-0.005079881210719529
421,-1.3406375195742442,-0.0047915310742408825
422,-1.3541276723944122,-0.004506581431544891
423,-1.3669762953664701,-0.0042248330074393
424,-1.3791662259208977,-0.003946070626372033
425,-1.3906808410392841,-0.0036700645135039956
426,-1.4015040745416485,-0.0033965714087128263
427,-1.4116204338418754,-0.00312533549983376
428,-1.421015016150264,-0.0028560891899654596
429,-1.4296735241118768,-0.0025885537044678868
430,-1.4375822808616476,-0.002322439549914038
431,-1.4447282444806717,-0.002057446833846735
432,-1.4510990218437456,-0.001793265451001487
433,-1.4566828818395408,-0.001529575146940818
434,-1.4614687679518568,-0.0012660454629790736
435,-1.4654463101891935,-0.0010023355718227762
436,-1.4686058363545555,-0.0007380940061241818
437,-1.470938382634742,-0.0004729582879847011
438,-1.4724357035085376,-0.00020655446389307463
439,-1.473090280960605,6.150345209151032e-05
440,-1.4728953329860133,0.0003316141268170985
441,-1.4718448213866964,0.0006041896258008445
442,-1.46993345884448,0.0008796562292874333
443,-1.4671567152669809,0.0011584553089414823
444,-1.4635108233972716,0.0014410442833165994
445,-1.4589927836870658,0.0017278976387540348
446,-1.453600368418833,0.00201950801032196
447,-1.4473321250851825,0.002316387322368926
448,-1.4401873790090747,0.0026190679733090125
449,-1.432166235212307,0.0029281040617850024
450,-1.423269579524714,0.003244072640764754
451,-1.4134990789333557,0.0035675749844494955
452,-1.4028571811736725,0.0038992378537918517
453,-1.3913471135602222,0.004239714736769978
454,-1.3789728810588215,0.00458968703926565
455,-1.3657392636021086,0.004949865193032293
456,-1.3516518126513617,0.005320989644246869
457,-1.3367168470047446,0.005703831671019444
458,-1.3209414478625803,0.0060991939783538425
459,-1.3043334531446007,0.006507910994140831
460,-1.286901451074975,0.00693084878828599
461,-1.2686547730340223,0.007368904513676248
462,-1.2496034856839557,0.007823005246186928
463,-1.229758382382613,0.00829410609001387
464,-1.2091309738837595,0.00878318737501543
465,-1.1877334783415137,0.00929125075583381
466,-1.165578810623579,0.009819313984387398
467,-1.1426805709455223,0.010368404094419019
468,-1.1190530328348842,0.010939548694809812
469,-1.094711130442498,0.011533765036155998
470,-1.0696704452049701,0.01215204646137019
471,-1.0439471918776349,0.012795345818868858
472,-1.017558203951296,0.013464555379767823
473,-0.9905209184613639,0.01416048276129567
474,-0.9628533602113123,0.014883822353787464
475,-0.9345741254210012,0.015635121742037014
476,-0.9057023648180689,0.016414742649770653
477,-0.8762577661869244,0.017222816003582664
478,-0.846260536394972,0.01805919084515015
479,-0.8157313829112169,0.018923377012524528
480,-0.7846914948367782,0.019814481800130068
481,-0.7531625234636685,0.02073114119100617
482,-0.7211665623856298,0.02167144677669497
483,-0.6887261271737017,0.0226328701099159
484,-0.6558641346412522,0.023612187021336446
485,-0.6226038817185149,0.02460540532860773
486,-0.5889690239537799,0.025607700340075267
487,-0.5549835536659735,0.026613363566299123
488,-0.5206717777683174,0.027615770972590874
489,-0.48605829528473166,0.028607377816366582
490,-0.4511679745806454,0.029579747436097426
491,-0.41602593033208635,0.03052362110720311
492,-0.3806575002535837,0.03142903504527435
493,-0.3450882216084068,0.032285488675533325
494,-0.30934380752473345,0.03308216531159009
495,-0.2734501231400088,0.03380820244539815
496,-0.23743316159696093,0.03445300417319495
497,-0.20131901991526036,0.035006583283316066
498,-0.16513387476204144,0.035459915801529726
499,-0.12890395814455502,0.03580528703387015
500,-0.09265553304985019,0.03603660607832104
501,-0.056414869054083994,0.03614966594788211
502,-0.020208217926093397,0.036142329156558156
503,0.015938210751219373,0.036014623752635776
504,0.05199827391771805,0.035768741830903686
505,0.08794591930767837,0.035408940646259254
506,0.12375520963144027,0.034941354532231614
507,0.15940034664535574,0.0343737328207342
508,0.19485569508407963,0.033715124035108436
509,0.2300958064340044,0.03297552924971359
510,0.2650954425229095,0.032165547618445506
511,0.2998295989044166,0.03129603493592573
512,0.33427352801244936,0.030377792307662976
513,0.368402762064612,0.02942129725330398
514,0.40219313569212645,0.028436484568490454
515,0.43562080827214444,0.027432579617110858
516,0.4686622859442764,0.026417982801215236
517,0.5012944432854205,0.02540020102395057
518,0.5334945446263006,0.024385820011579597
519,0.5652402649843147,0.023380510371300376
520,0.5965097105968269,0.022389060011950956
521,0.6272814390302202,0.021415425907655532
522,0.6575344788500068,0.020462798887989787
523,0.6872483488272927,0.019533676083409918
524,0.7164030766693408,0.018629936638841188
525,0.7449792172487406,0.01775291730781081
526,0.7729578703193312,0.016903485418082592
527,0.8003206977000303,0.01608210747721598
528,0.8270499399061109,0.015288912333375352
529,0.8531284322183978,0.01452374829894724
530,0.8785396201684748,0.01378623404637743
531,0.9032675744292931,0.01307580335525343
532,0.9272970050928464,0.01239174399494599
533,0.9506132753262051,0.011733231140200672
534,0.9732024143860514,0.01109935580172802
535,0.9950511299848159,0.010489148774020416
536,1.0161468199945674,0.009901600607886519
537,1.0364775834736761,0.009335678105187907
538,1.0560322310141004,0.008790337786319302
539,1.0748002943882966,0.008264536764644533
540,1.0927720354970347,0.007757241400547179
541,1.1099384546009148,0.007267434082994298
542,1.126291297835067,0.006794118431469499
543,1.141823063991552,0.006336323187639038
544,1.1565270105727805,0.0058931050145942165
545,1.1703971591004318,0.00546355040567684
546,1.183428299682653,0.005046776863407292
547,1.1956159948298648,0.004641933493278309
548,1.206956582518849,0.004248201129407621
549,1.2174471785013665,0.0038647920926014527
550,1.2270856778531751,0.0034909496671256817
551,1.2358707557671096,0.0031259473620041897
552,1.2438018675832012,0.0027690880210268554
553,1.2508792480622404,0.002419702823943754
554,1.2571039098979426,0.0020771502246039863
555,1.2624776414753214,0.0017408148551065574
556,1.26700300387121,0.0014101064274476191
557,1.2706833271068092,0.0010844586510502308
558,1.273522705650393,0.0007633281897650418
559,1.2755259931769558,0.0004461936735450592
560,1.276698796593891,0.00013255477349930546
561,1.2770474693304408,-0.00017806864207327682
562,1.2765791039065704,-0.0004861372561255987
563,1.2753015237816072,-0.000792092970544987
564,1.273223274498548,-0.0010963594479103413
565,1.2703536141217313,-0.001399342548347501
566,1.2667025029916061,-0.0017014306455549017
567,1.2622805927944114,-0.0020029948120668063
568,1.2570992149649385,-0.0023043888675777003
569,1.2511703684308912,-0.0026059492840769852
570,1.2445067067140627,-0.002907994941032407
571,1.2371215243972387,-0.003210826721552865
572,1.2290287429720337,-0.003514726940487197
573,1.2202428960861482,-0.0038199586015276172
574,1.2107791141954891,-0.004126764469684569
575,1.200653108645497,-0.004435365956156375
576,1.1898811551921398,-0.00474596180525718
577,1.178480076982396,-0.005058726579974762
578,1.1664672270066774,-0.005373808936207343
579,1.1538604700464532,-0.005691329685745261
580,1.1406781641310033,-0.006011379643299715
581,1.1269391415212624,-0.006334017255334232
582,1.1126626892439049,-0.006659266016519108
583,1.0978685291914019,-0.0069871116782072055
584,1.0825767978074339,-0.007317499257678518
585,1.0668080253805101,-0.00765032986375956
586,1.0505831149666136,-0.007985457362848156
587,1.03392332095693,-0.008322684907978295
588,1.0168502273169224,-0.008661761368555242
589,0.9993857255189766,-0.009002377707876085
590,0.9815519921843645,-0.009344163356457387
591,0.9633714664629167,-0.009686682648903109
592,0.9448668271708698,-0.010029431398421405
593,0.9260609697089421,-0.010371833695624819
594,0.9069769827826661,-0.0107132390269934
595,0.8876381249513514,-0.0110529198248604
596,0.8680678010262852,-0.011390069566832845
597,0.8482895383413052,-0.011723801551624164
598,0.8283269629202152,-0.012053148484785737
599,0.8082037755678471,-0.012377063019195415
600,0.7879437279002843,-0.01269441937946983
601,0.7675705983456993,-0.013004016209029265
602,0.7471081681387517,-0.013304580767275843
603,0.726580197326399,-0.013594774576885313
604,0.7060104008154298,-0.013873200611728111
605,0.6854224244831641,-0.01413841207965309
606,0.6648398213745565,-0.014388922819229388
607,0.6442860280076985,-0.01462321927970944
608,0.6237843408169397,-0.014839774019390154
609,0.6033578927486332,-0.0150370605814339
610,0.583029630040798,-0.015213569571519736
611,0.5628222892033818,-0.015367825685656004
612,0.542758374227148,-0.015498405398230986
613,0.5228601340380123,-0.015603954954592414
614,0.5031495402240296,-0.015683208282938274
615,0.48364826505697067,-0.01573500441141637
616,0.46437765982517476,-0.015758303948859687
617,0.44535873350427835,-0.015752204201867223
618,0.42661213178526225,-0.015715952512124813
619,0.4081581164818573,-0.015648957443373197
620,0.39001654533143437,-0.0155507974801492
621,0.37220685222050065,-0.015421227002280094
622,0.35474802784435155,-0.015260179352546085
623,0.33765860082307597,-0.015067766914380071
624,0.32095661929650987,-0.01484427822251647
625,0.3046596330096918,-0.014590172202489362
626,0.28878467591303547,-0.014306069747707782
627,0.2733482492869257,-0.013992742894992046
628,0.25836630541732575,-0.013651101959718479
629,0.2438542318285215,-0.013282181010489592
630,0.22982683609356513,-0.012887122112851257
631,0.21629833124003994,-0.01246715879319186
632,0.20328232175870653,-0.012023599153158739
633,0.19079179023302117,-0.011557809058177517
634,0.17883908460481734,-0.01107119579776161
635,0.16743590608325576,-0.010565192555070746
636,0.1565932977129023,-0.010041243986506914
637,0.14632163361085304,-0.009500793149349098
638,0.13663060888407585,-0.008945269959505309
639,0.12752923023617768,-0.008376081302453016
640,0.11902580727354461,-0.007794602867579098
641,0.11112794451884156,-0.007202172725329437
642,0.10384253413928946,-0.006600086618424305
643,0.09717574940017926,-0.005989594914666772
644,0.09113303884268475,-0.005371901110044414
645,0.08571912120203251,-0.004748161785262392
646,0.08093798105988981,-0.004119487856904206
647,0.07679286524532358,-0.0034869469918583527
648,0.07328627998006709,-0.0028515670154000325
649,0.0704199887743755,-0.0022143401527263437
650,0.06819501107727888,-0.001576227947000022
651,0.06661162167699786,-0.0009381666808210537
652,0.0656693508579167,-0.0003010731497350801
653,0.06536698531022012,0.0003341493709231778
654,0.06570256979148326,0.000966605123915027
655,0.06667340954209067,0.0015953999656007968
656,0.06827607344504827,0.00221963572265167
657,0.07050639793490632,0.0028384049294499785
658,0.07335949164655631,0.003450786090171811
659,0.07682974079980909,0.004055839593321761
660,0.08091081531750888,0.004652604394002695
661,0.08559567566649662,0.005240095587698626
662,0.09087658041889313,0.005817302971340259
663,0.09674509452207758,0.006383190695142147
664,0.10319209827349596,0.006936698075066795
665,0.1102077969864581,0.00747674163905747
666,0.11778173134206327,0.008002218439947768
667,0.12590278841261693,0.008512010661552948
668,0.13455921334892196,0.009004991503431231
669,0.14373862171794372,0.009480032306939072
670,0.15342801247854254,0.009936010850727494
671,0.1636137815834502,0.010371820705726686
672,0.17428173619296672,0.010786381506606681
673,0.18541710948616696,0.011178649961856121
674,0.1970045760559458,0.011547631386746261
675,0.20902826787047957,0.01189239152190714
676,0.22147179078820045,0.012212068365836744
677,0.23431824160672932,0.01250588374261637
678,0.2475502256306754,0.012773154310673657
679,0.26114987474034024,0.01301330172251162
680,0.27509886594356203,0.013225861654747635
681,0.2893784403913173,0.013410491452541097
682,0.30396942283917383,0.01356697616121873
683,0.3188522415346995,0.013695232761592834
684,0.3340069485117567,0.013795312471161945
685,0.34941324026968346,0.013867401033064525
686,0.3650504788185458,0.013911816968336368
687,0.3808977130698281,0.013929007824120536
688,0.396933700548459,0.013919544516094826
689,0.41313692940832425,0.013884113903475812
690,0.4294856407258294,0.013823509793349259
691,0.4459578510524693,0.013738622597973024
692,0.4625313752013369,0.01363042790504829
693,0.47918384924651036,0.013499974232996356
694,0.4958927537113027,0.013348370254611268
695,0.5126354369241994,0.013176771764172365
696,0.5293891385166773,0.012986368656353742
697,0.546131013039826,0.012778372166513804
698,0.5628381536810991,0.012554002581300086
699,0.5794876160484819,0.01231447762211084
700,0.5960564420071535,0.012061001645617962
701,0.6125216835399385,0.011794755786219718
702,0.62886042660989,0.011516889121709617
703,0.645049814998913,0.011228510918040465
704,0.6610670741025899,0.010930683966833568
705,0.6768895346526449,0.010624419015547502
706,0.6924946563482308,0.010310670253418133
707,0.7078600513686126,0.00999033180657678
708,0.7229635077458454,0.009664235175341637
709,0.7377830125740559,0.009333147535724687
710,0.752296775031482,0.008997770821199659
711,0.7664832491927029,0.008658741494911776
712,0.7803211566076982,0.008316630923298252
713,0.7937895086280378,0.007971946257049436
714,0.8068676284522951,0.007625131739174282
715,0.8195351728743674,0.007276570354060741
716,0.831772153711313,0.006926585740308969
717,0.843558958886149,0.006575444302402693
718,0.8548763731492386,0.0062233574534164724
719,0.8657055984145359,0.005870483936963272
720,0.8760282736930378,0.005516932174365943
721,0.8858264945978647,0.0051627626039423245
722,0.895082832410651,0.0048079899664210494
723,0.9037803526803145,0.004452585516242986
724,0.911902633342919,0.004096479130709141
725,0.9194337823418834,0.0037395612972566995
726,0.9263584547282733,0.003381684970884083
727,0.9326618692300315,0.0030226672846271957
728,0.9383298242682656,0.0026622911125032123
729,0.9433487134058964,0.002300306480551783
730,0.9477055402145425,0.0019364318275102283
731,0.9513879325455719,0.0015703551134511056
732,0.9543841561847728,0.0012017347914520741
733,0.9566831278864356,0.0008302006412020314
734,0.9582744277651329,0.00045535447990686516
735,0.9591483110383194,7.677076224341034e-05
736,0.9592957191050857,-0.0003060029168910793
737,0.9587082899505504,-0.0006934453918298776
738,0.9573783678658856,-0.0010860615588982043
739,0.9552990124750806,-0.0014843820420882574
740,0.952464007054175,-0.001888962858375308
741,0.9488678661421659,-0.002300385060723325
742,0.9445058424318802,-0.0027192543182439684
743,0.939373932929783,-0.0031462003870387947
744,0.9334688843874233,-0.0035818764301960206
745,0.9267881979903336,-0.004026958122663861
746,0.9193301333068575,-0.004482142484855377
747,0.9110937114834599,-0.004948146358726606
748,0.9020787176948772,-0.005425704451444707
749,0.8922857028366025,-0.005915566841675046
750,0.8817159844609819,-0.006418495833742522
751,0.8703716469598817,-0.006935262039867988
752,0.858255540985084,-0.007466639534981774
753,0.8453712821155079,-0.008013399929348216
754,0.8317232487666217,-0.00857630517389918
755,0.8173165793448618,-0.009156098897337955
756,0.8021571686513198,-0.00975349605770939
757,0.7862516635380246,-0.010369170675010527
758,0.7696074578178127,-0.01100374139519098
759,0.7522326864342403,-0.011657754628439564
760,0.7341362189022504,-0.012331665018898359
761,0.7153276520142811,-0.013025812991790496
762,0.6958173018298908,-0.013740399177616717
763,0.6756161949513739,-0.014475455549734811
764,0.6547360590945175,-0.015230813194666978
765,0.6331893129623154,-0.016006066741276675
766,0.6109890554351978,-0.016800535636636846
767,0.5881490540831749,-0.017613222641993446
768,0.564683733016011,-0.01844277018853048
769,0.540608160078591,-0.01928741552726863
770,0.5159380334071955,-0.020144945979517617
771,0.4906896673586516,-0.021012656002971895
772,0.464879977826115,-0.021887308238352676
773,0.4385264669538742,-0.02276510115333995
774,0.4116472072703914,-0.023641646345768798
775,0.3842608252507489,-0.02451195891397199
776,0.3563864843261797,-0.02537046452843547
777,0.3280438673581614,-0.026211026851621314
778,0.2992531585916538,-0.027026998669303075
779,0.27003502510879684,-0.02781129947688613
780,0.24041059779713692,-0.02855652121138146
781,0.2104014518531585,-0.029255062360114433
782,0.18002958684078862,-0.02989928881975879
783,0.14931740632243873,-0.030481717718690408
784,0.11828769708353093,-0.030995218132838107
785,0.08696360797100056,-0.03143322043385599
786,0.055368628366124994,-0.03178992418257178
787,0.023526566312369823,-0.03206049329504043
788,-0.008538473679465142,-0.03224122690884293
789,-0.040802113127938355,-0.03232969510598428
790,-0.07323972235741394,-0.032324830443596325
791,-0.10582644353078763,-0.032226968988757806
792,-0.13853721391785712,-0.03203783797503977
793,-0.1713467893751215,-0.03176049095272111
794,-0.20422976801475556,-0.03139919495223166
795,-0.23716061403871436,-0.03095927733603969
796,-0.2701136817163672,-0.03044694233693663
797,-0.30306323947957026,-0.029869068601021325
798,-0.33598349411468575,-0.029232999286038758
799,-0.3688486150248593,-0.028546335541908392
800,-0.4016327585405861,-0.027816742681781227
801,-0.43431009225520256,-0.02705177632244089
802,-0.46685481935924145,-0.026258733512009837
803,-0.4992412029513673,-0.02544453160795283
804,-0.5314435903032404,-0.02461561563062493
805,-0.5634364370513651,-0.023777893139669697
806,-0.5951943312947492,-0.022936694402193175
807,-0.6266920175741006,-0.02209675477707595
808,-0.6579044207091158,-0.021262215778429978
809,-0.6888066694692725,-0.0204366411505557
810,-0.7193741200578074,-0.019623044395693217
811,-0.7495823793818204,-0.018823924498776158
812,-0.779407328089718,-0.018041306982740438
813,-0.8088251433513562,-0.017276787883211287
814,-0.8378123213573758,-0.016531578690312423
815,-0.8663456995186039,-0.01580655073369101
816,-0.8944024783424425,-0.015102277880384943
817,-0.9219602429630527,-0.014419076755289983
818,-0.9489969843061772,-0.01375704397364202
819,-0.975491119870469,-0.01311609009583471
820,-1.0014215140963074,-0.012495970207748064
821,-1.026767498313518,-0.011896311140780906
822,-1.0515088902386083,-0.011316635459770442
823,-1.075626013008531,-0.010756382400158655
824,-1.099099713730908,-0.010214925977542758
825,-1.1219113815286335,-0.009691590521428843
826,-1.1440429650689055,-0.00918566387915467
827,-1.165476989552161,-0.00869640854506903
828,-1.1861965731480382,-0.0082230709525285
829,-1.20618544286026,-0.007764889156164645
830,-1.2254279498095286,-0.00732109910719079
831,-1.243909083912797,-0.006890939714663525
832,-1.2616144879458204,-0.006473656865037638
833,-1.278530470985629,-0.0060685065398380445
834,-1.2946440212007815,-0.005674757179848831
835,-1.3099428179941128,-0.005291691401744891
836,-1.324415243478228,-0.00491860717318042
837,-1.33805039327234,-0.004554818534948529
838,-1.3508380866115601,-0.004199655946343841
839,-1.362768875760679,-0.0038524663157659665
840,-1.3738340547166956,-0.003512612778469159
841,-1.384025667200632,-0.003179474262629201
842,-1.3933365139236003,-0.002852444887100652
843,-1.4017601591218636,-0.002530933225532072
844,-1.4092909363574222,-0.002214361463843848
845,-1.4159239535760264,-0.0019021644747585064
846,-1.4216550974160498,-0.0015937888312596515
847,-1.4264810367663756,-0.0012886917773487633
848,-1.430399225574405,-0.0009863401643131744
849,-1.43340790488827,-0.000686209372776568
850,-1.4355061041462704,-0.0003877822250599628
851,-1.4366936417027603,-9.054790255724311e-05
852,-1.4369711245954306,0.0002059991387069776
853,-1.4363399475471113,0.0005023602101039802
854,-1.4348022912135718,0.0007990334403944044
855,-1.4323611196703894,0.0010965147720393082
856,-1.4290201771428883,0.0013952989229104853
857,-1.42478398399021,0.0016958803078760247
858,-1.419657831932227,0.0019987538997397894
859,-1.413647778542071,0.002304416029301551
860,-1.4067606409961968,0.0026133651101254863
861,-1.3990039890927335,0.0029261022757655925
862,-1.3903861375462725,0.0032431319157970625
863,-1.3809161375681924,0.003564962097168461
864,-1.3706037677329732,0.0038921048463023836
865,-1.359459524149628,0.0042250762750657206
866,-1.347494609941947,0.004564396524391782
867,-1.3347209240475735,0.004910589494045196
868,-1.3211510493527925,0.0052641823298844
869,-1.3067982401662164,0.005625704626773505
870,-1.291676409051533,0.005995687306316272
871,-1.2758001130291348,0.006374661121657182
872,-1.2591845391580705,0.006763154732879377
873,-1.2418454895153133,0.007161692291474724
874,-1.223799365590665,0.007570790472066553
875,-1.2050631521028805,0.007990954869494728
876,-1.1856544002607592,0.008422675682875063
877,-1.1655912104887278,0.008866422605413376
878,-1.1448922146206968,0.009322638815745202
879,-1.123576557594376,0.00979173398305521
880,-1.1016638786558417,0.010274076181199028
881,-1.0791742920958427,0.010769982615331006
882,-1.0561283675329065,0.011279709059041312
883,-1.0325471097715564,0.011803437924195314
884,-1.0084519382431694,0.01234126487927751
885,-0.9838646660617343,0.01289318397478426
886,-0.9588074787070866,0.01345907125205895
887,-0.9333029123588119,0.014038666859384659
888,-0.9073738319051756,0.014631555759142835
889,-0.8810434086443024,0.015237147174707262
890,-0.854335097702517,0.015854653020007613
891,-0.8272726151893011,0.01648306565236129
892,-0.7998799151177707,0.017121135427172456
893,-0.7721811661037208,0.017767348653805262
894,-0.7442007278739453,0.018419906720698206
895,-0.7159631276053631,0.01907670731543948
896,-0.6874930361154128,0.019735328822827185
897,-0.6588152439297801,0.020393019139459994
898,-0.6299546372509752,0.02104669026721543
899,-0.6009361738504566,0.0216929201280935
900,-0.5717848589078045,0.02232796305816542
901,-0.5425257208224821,0.022947770373860296
902,-0.5131837870199405,0.023548022223195374
903,-0.48378405977717875,0.024124171638039864
904,-0.45435149209185965,0.024671501271699398
905,-0.4249109636165542,0.025185192733315098
906,-0.39548725668439033,0.025660407750325805
907,-0.36610503244939707,0.026092379616346778
908,-0.3367888071620371,0.026476512559260524
909,-0.3075629286074104,0.026808485886213675
910,-0.27845155272724753,0.02708435906751268
911,-0.24947862044709268,0.027300673406163854
912,-0.22066783473559326,0.027454545695297882
913,-0.1920426379143123,0.027543749303503316
914,-0.1636261892428763,0.027566778526818138
915,-0.13544134280070352,0.027522892765819162
916,-0.10751062568618863,0.027412138094872793
917,-0.07985621655745945,0.027235345024666596
918,-0.052499924531844044,0.026994102576641334
919,-0.02546316846851937,0.02669071012141528
920,0.001233043347781404,0.02632810961630641
921,0.027568133101311787,0.025909801842475298
922,0.05352197289744254,0.025439750909448815
923,0.07907490375615112,0.024922281609949862
924,0.10420775412464423,0.024361974211610068
925,0.128901857893851,0.023763560952050095
926,0.15313907189990061,0.023131827959614885
927,0.17690179289340335,0.022471525606941142
928,0.2001729739598801,0.021787289505827482
929,0.22293614037604925,0.021083573539058847
930,0.24517540488592715,0.020364595564412225
931,0.2668754823808115,0.01963429576452281
932,0.28802170397098337,0.018896307066347356
933,0.3086000304335954,0.01815393665245692
934,0.3285970650242689,0.01741015730764703
935,0.3480000656390274,0.016667607195643228
936,0.36679695631826803,0.015928596596099125
937,0.3849763380748925,0.015195120184574525
938,0.4025274990432024,0.014468873505547885
939,0.4194404239338354,0.013751272437060381
940,0.4357058027886751,0.013043474587066962
941,0.4513150390232994,0.012346401738265202
942,0.4662602567554899,0.011660762599275166
943,0.48053430740550596,0.010987075294111238
944,0.4941307755671147,0.010325689141604116
945,0.5070439841418732,0.009676805404633703
946,0.5192689987310928,0.00904049679242205
947,0.530801631282813,0.008416725579587905
948,0.5416384429890115,0.007805360280244297
949,0.5517767464326369,0.007206190859925173
950,0.5612146069768187,0.0066189425277550454
951,0.5699508434055787,0.006043288151389146
952,0.5779850278030239,0.005478859392438766
953,0.585317484680715,0.0049252566478514065
954,0.5919492893519305,0.004382057897174087
955,0.5978822655497424,0.0038488265717324982
956,0.6031189823007708,0.003325118535645088
957,0.6076627500483198,0.0028104882918168162
958,0.6115176160355844,0.0023044945033558278
959,0.6146883589509287,0.0018067049224408075
960,0.6171804828408796,0.001316700809548514
961,0.6190002102964769,0.0008340809211123373
962,0.6201544749245187,0.000358465128935844
963,0.6206509131023097,-0.00011050225931176125
964,0.620497855033264,-0.000573149436769562
965,0.6197043151088764,-0.0010297742295509544
966,0.6182799815843509,-0.0014806414081851098
967,0.6162352055821714,-0.0019259801230808202
968,0.6135809894339275,-0.0023659814579269503
969,0.6103289743699634,-0.0028007960752136976
970,0.6064914275708588,-0.0032305319452419134
971,0.6020812285945141,-0.0036552521560839816
972,0.5971118551912156,-0.004074972808972254
973,0.5915973685199276,-0.004489661004194276
974,0.5855523977844825,-0.004899232941867872
975,0.5789921243000293,-0.005303552153619409
976,0.5719322650100338,-0.005702427900259708
977,0.5643890554677,-0.006095613769558668
978,0.5563792323001451,-0.006482806516830237
979,0.5479200151713002,-0.006863645192614743
980,0.5390290882655222,-0.007237710617017695
981,0.5297245813043077,-0.007604525247671777
982,0.5200250501201964,-0.007963553504360047
983,0.509949456806666,-0.00831420261238388
984,0.49951714945996173,-0.008655824016921214
985,0.48874784153845496,-0.008987715432082892
986,0.4776615908558881,-0.009309123570715073
987,0.4662787782334874,-0.009619247607693221
988,0.45462008582633473,-0.009917243400730785
989,0.44270647515364203,-0.010202228504377426
990,0.4305591648471534,-0.010473287974462567
991,0.4181996081451729,-0.010729480959401388
992,0.4056494701526532,-0.010969848048059281
993,0.3929306048889316,-0.011193419318769311
994,0.3800650321493606,-0.011399223021457468
995,0.3670749142005576,-0.011586294790942163
996,0.35398253233401533,-0.011753687271237339
997,0.34081026330166253,-0.011900480009045354
998,0.32758055565690825,-0.012025789454652444
999,0.31431590602377923,-0.012128778890549472
1000,0.30103883531903364,-0.01220866810009377
1001,0.28777186495003093,-0.012264742578254242
1002,0.2745374930134119,-0.012296362091284457
1003,0.2613581705167576,-0.012302968393779427
1004,0.2482562776477124,-0.012284091926965664
1005,0.23525410011491488,-0.012239357343245721
1006,0.22237380558321718,-0.012168487725122074
1007,0.2096374202273097,-0.012071307399994284
1008,0.19706680542668664,-0.011947743284883775
1009,0.18468363462675086,-0.011797824739216256
1010,0.17250937038662073,-0.011621681935333444
1011,0.16056524163835206,-0.011419542800288267
1012,0.14887222118096588,-0.011191728623155262
1013,0.13745100342865157,-0.010938648445013138
1014,0.1263219824391797,-0.010660792391617147
1015,0.11550523024172321,-0.010358724121978085
1016,0.10502047548706628,-0.01003307258997884
1017,0.09488708244072086,-0.009684523322510488
1018,0.08512403034094973,-0.009313809426588587
1019,0.07574989314147729,-0.008921702531729367
1020,0.06678281965926658,-0.008509003868577118
1021,0.05824051414728615,-0.008076535669864097
1022,0.05014021731287244,-0.007625133068941895
1023,0.04249868779768917,-0.007155636640693225
1024,0.0353321841409695,-0.0066688857188656235
1025,0.028656447243548655,-0.006165712599393966
1026,0.022486683346642167,-0.005646937703705428
1027,0.016837547549499732,-0.0051133657802583075
1028,0.011723127873693784,-0.004565783168893672
1029,0.007156929898656017,-0.004004956165737433
1030,0.003151861977102044,-0.003431630484131107
1031,-0.00027977895143749265,-0.0028465318049431367
1032,-0.0031263209344842835,-0.0022503673960075294
1033,-0.005376729956594772,-0.0016438287616591235
1034,-0.007020622250223596,-0.0010275952812840673
1035,-0.008048275956497264,-0.0004023387789687508
1036,-0.008450642121545116,0.00023127103020882542
1037,-0.008219355023612707,0.0008725603018864562
1038,-0.0073467418104655735,0.001520844095473822
1039,-0.00582583144884552,0.002175418787464621
1040,-0.003650362966254761,0.0028355539474086843
1041,-0.0008147929853805636,0.0035004838100434277
1042,0.0026856974621694008,0.004169398461819158
1043,0.0068551968474253044,0.004841434897168616
1044,0.01169705778843877,0.00551566810548209
1045,0.017213892429737143,0.006191102388101524
1046,0.023407568566170767,0.006866663110157646
1047,0.030279206512346946,0.007541189126930883
1048,0.03782917672137387,0.008213426145166658
1049,0.046057098156552456,0.00888202129570711
1050,0.05496183741473715,0.009545519224836391
1051,0.06454150860841423,0.010202359999587607
1052,0.07479347399873859,0.010850879156458678
1053,0.0857143453874869,0.011489310182416609
1054,0.0972999862590882,0.012115789727794986
1055,0.1095455146778761,0.012728365784725356
1056,0.1224453069311835,0.01332500903774849
1057,0.13599300192043984,0.013903627499596206
1058,0.15018150629336446,0.014462084463684273
1059,0.16500300031120219,0.014998219699520917
1060,0.18044894444972215,0.015509873676611205
1061,0.19651008672164494,0.015994914490847802
1062,0.21317647072015689,0.016451267001494328
1063,0.2304374443700965,0.016876943569432538
1064,0.24828166938061713,0.017270075651200714
1065,0.2666971313906856,0.017628945398067884
1066,0.2856711507975547,0.01795201633019847
1067,0.3051903942546801,0.018237962128261943
1068,0.32524088683436503,0.018485692566881023
1069,0.3458080248348665,0.018694375693605002
1070,0.36687658922562605,0.018863455439072894
1071,0.38843075971840335,0.01899266398565081
1072,0.4104541294415469,0.01908202843448763
1073,0.432929720216805,0.01913187147773894
1074,0.45583999840962974,0.019142806058566737
1075,0.47916689134930834,0.019115724190544824
1076,0.5028918042936823,0.019051780359663276
1077,0.5269956379299572,0.018952370097769
1078,0.5514588063858241,0.018819104501586695
1079,0.576261255741116,0.018653781563972304
1080,0.6013824830172609,0.018458355265964673
1081,0.6268015556267699,0.018234903393943513
1082,0.6524971312653634,0.01798559501695358
1083,0.6784474782243706,0.017712658500604307
1084,0.7046304961059207,0.0174183508295149
1085,0.7310237369188997,0.017104928895096523
1086,0.7576044265372275,0.01677462326327225
1087,0.7843494864950742,0.016429614808404176
1088,0.8112355561038385,0.016072014447569304
1089,0.8382390148636318,0.01570384609415066
1090,0.8653360051486629,0.01532703283147879
1091,0.892502455146456,0.014943386207995575
1092,0.9197141020263757,0.014554598481183801
1093,0.9469465153136412,0.014162237581254927
1094,0.9741751204502407,0.013767744516749489
1095,1.0013752225133032,0.013372432931522668
1096,1.0285220300712865,0.012977490507933731
1097,1.0555906791582004,0.012583981906980915
1098,1.0825562573321577,0.012192852964188181
1099,1.1093938278030464,0.011804935865908887
1100,1.1360784536065296,0.011420955053481318
1101,1.162585221791062,0.011041533642954666
1102,1.188889267602974,0.010667200162419468
1103,1.2149657986457498,0.010298395438500125
1104,1.2407901189815789,0.009935479500502388
1105,1.2663376531604627,0.009578738383229304
1106,1.2915839701492473,0.009228390739025968
1107,1.31650480713472,0.008884594191844893
1108,1.341076093183517,0.008547451377943511
1109,1.3652739727308472,0.008217015637310258
1110,1.3890748288723103,0.007893296337439914
1111,1.412455306444997,0.0075762638101886624
1112,1.4353923348660942,0.007265853904010846
1113,1.4578631507115745,0.006961972151726016
1114,1.4798453200070014,0.006664497569361284
1115,1.5013167602227782,0.006373286088033783
1116,1.5222557619287613,0.0060881736495770255
1117,1.542641010108781,0.005808978974303396
1118,1.5624516051032629,0.005535506024403115
1119,1.581667083160994,0.005267546182952039
1120,1.6002674365788039,0.005004880170026541
1121,1.618233133413156,0.004747279714066604
1122,1.635545136740859,0.00449450899851537
1123,1.6521849234479191,0.004246325904587351
1124,1.6681345025348833,0.004002483064425342
1125,1.683376432913576,0.003762728742525475
1126,1.6978938406795123,0.0035268075637565504
1127,1.7116704358506354,0.003294461094349031
1128,1.724690528538929,0.0030654282980244387
1129,1.7369390445547879,0.002839445874174104
1130,1.7484015404270679,0.0026162484859690942
1131,1.7590642178103337,0.002395568894906045
1132,1.7689139372805869,0.0021771380063663097
1133,1.777938231502759,0.0019606848302378323
1134,1.7861253177431422,0.0017459363733128765
1135,1.7934641097405404,0.001532617456031691
1136,1.7999442288944465,0.0013204504711697004
1137,1.8055560147833773,0.001109155080975306
1138,1.8102905349899743,0.00089844785819592
1139,1.8141395942279814,0.0006880418738353716
1140,1.817095742754617,0.00047764623896815757
1141,1.8191522840797063,0.00026696559254144097
1142,1.8203032819346845,5.5699545934256464e-05
1143,1.820543566517216,-0.0001564579152936714
1144,1.8198687400021072,-0.0003698190839452967
1145,1.818275181299839,-0.0005847032118972638
1146,1.8157600500737487,-0.0008014372477254339
1147,1.8123212900033252,-0.0010203566122077283
1148,1.8079576312921972,-0.001241806016720608
1149,1.8026685924166088,-0.001466140324138937
1150,1.796454481117138,-0.0016937254533001234
1151,1.789316394626809,-0.0019249393254226954
1152,1.7812562191396069,-0.002160172849906364
1153,1.7722766285205864,-0.0023998309532183106
1154,1.7623810822497887,-0.0026443336425242977
1155,1.7515738226179565,-0.0028941171086957597
1156,1.7398598711587567,-0.0031496348578806646
1157,1.7272450243364688,-0.0034113588737872693
1158,1.7137358484795868,-0.0036797807968482394
1159,1.6993396739813988,-0.003955413120587908
1160,1.6840645887548646,-0.004238790387055336
1161,1.6679194309605236,-0.004530470370551229
1162,1.6509137810145944,-0.004831035235063807
1163,1.6330579528760154,-0.005141092639861663
1164,1.614362984630759,-0.005461276771115074
1165,1.594840628374584,-0.005792249263056655
1166,1.5745033394143775,-0.006134699976831619
1167,1.5533642647818624,-0.006489347578351796
1168,1.5314372310941167,-0.0068569398713439955
1169,1.5087367317473195,-0.007238253803637035
1170,1.4852779134776029,-0.007634095073974148
1171,1.4610765622893496,-0.00804529723578962
1172,1.436149088770776,-0.008472720186300216
1173,1.4105125128037344,-0.00891724789604383
1174,1.3841844476993401,-0.009379785233012234
1175,1.3571830837504422,-0.009861253679666645
1176,1.3295271712386239,-0.010362585737961493
1177,1.3012360029030106,-0.010884717774457688
1178,1.2723293958839577,-0.011428581017468539
1179,1.2428276731747587,-0.011995090405613544
1180,1.2127516445756328,-0.012585130918821368
1181,1.182122587194499,-0.013199541025054311
1182,1.1509622254941974,-0.013839092820233526
1183,1.119292710915147,-0.014504468434619762
1184,1.0871366010896963,-0.015196232264701438
1185,1.054516838674033,-0.015914798613628035
1186,1.0214567298088468,-0.016660394352900794
1187,0.9879799222377983,-0.017433016310309246
1188,0.954110383105899,-0.018232383224686007
1189,0.9198723764498595,-0.019057882289703086
1190,0.8852904404147353,-0.019908510606484853
1191,0.8503893642103435,-0.02078281221656773
1192,0.8151941648359866,-0.02167881187570938
1193,0.7797300635886586,-0.022593947294966495
1194,0.7440224623896938,-0.023525002295325143
1195,0.7080969199383844,-0.02446804407411671
1196,0.671979127729287,-0.02541836865086208
1197,0.635694885948169,-0.02637045937524062
1198,0.5992700792730261,-0.02731796412666804
1199,0.5627306526055236,-0.02825369736589155
1200,0.5261025867529838,-0.029169673358045493
1201,0.48941187408792075,-0.030057176544767878
1202,0.45268449420780144,-0.03090687401761515
1203,0.41594638961697683,-0.03170897322332114
1204,0.3792234414603399,-0.03245342539548475
1205,0.3425414453237181,-0.03313017175031593
1206,0.30592608713385516,-0.03372942550951614
1207,0.2694029191751497,-0.034241978578889345
1208,0.23299733624838836,-0.03465951778389692
1209,0.1967345519968262,-0.03497493249475187
1210,0.16063957541996388,-0.035182593818833624
1211,0.12473718759957819,-0.03527858577554448
1212,0.08905191866068662,-0.03526087119605669
1213,0.05360802498864814,-0.03512937941801754
1214,0.018429466728207444,-0.03488600877855826
1215,-0.01646011441960127,-0.034534543692163924
1216,-0.05103741707426934,-0.03408049295430746
1217,-0.08527950170878285,-0.03353086188996688
1218,-0.11916381181902125,-0.03289387540046392
1219,-0.15266819470241444,-0.03217867143467441
1220,-0.18577092183522836,-0.03139498472549247
1221,-0.2184507088197165,-0.030552839115440607
1222,-0.2506867348857327,-0.029662263773333
1223,-0.28245866192941094,-0.028733044700205494
1224,-0.31374665306515226,-0.027774518726526098
1225,-0.34453139067886696,-0.026795413155689216
1226,-0.37479409395950825,-0.02580373075834078
1227,-0.40451653589622083,-0.024806677103504857
1228,-0.4336810597205272,-0.023810625365495965
1229,-0.46227059478252386,-0.022821112661222855
1230,-0.49026867183835066,-0.021842861612073213
1231,-0.5176594377427932,-0.02087982094075407
1232,-0.5444276695266126,-0.019935219441975446
1233,-0.5705587878447318,-0.019011628396580448
1234,-0.596038869788174,-0.01811102831537598
1235,-0.6208546610396866,-0.0172348767622171
1236,-0.6449935873680488,-0.01638417477332617
1237,-0.6684437654436692,-0.015559530107327298
1238,-0.6911940129702998,-0.01476121613850105
1239,-0.713233858122635,-0.013989225686429909
1240,-0.734553548273766,-0.013243319467066788
1241,-0.7551440580154463,-0.01252306910521172
1242,-0.7749970964537738,-0.011827894874485248
1243,-0.7941051137784711,-0.011157098452738585
1244,-0.8124613070974647,-0.010509891072799805
1245,-0.8300596255334654,-0.009885417486767224
1246,-0.8468947745721493,-0.009282776192061516
1247,-0.8629622196691571,-0.008701036337136894
1248,-0.8782581890970391,-0.008139251738265805
1249,-0.8927796760427213,-0.007596472385000068
1250,-0.9065244399512835,-0.007071753783922409
1251,-0.9194910071049662,-0.006564164473448647
1252,-0.9316786704504239,-0.006072791982457249
1253,-0.9430874886692209,-0.005596747485001199
1254,-0.9537182844894687,-0.005135169373168079
1255,-0.9635726422436051,-0.004687225937208489
1256,-0.9726529046777159,-0.004252117312446125
1257,-0.9809621690102404,-0.003829076837202697
1258,-0.9885042822478454,-0.003417371939461158
1259,-0.995283835762848,-0.0030163046518793075
1260,-1.0013061591354813,-0.002625211844501569
1261,-1.0065773132719755,-0.00224346524268462
1262,-1.011104082800955,-0.001870471291018214
1263,-1.014893967755654,-0.0015056709194770713
1264,-1.0179551745584945,-0.0011485392419184524
1265,-1.020296606304612,-0.0007985852315382019
1266,-1.021927852363092,-0.0004553513980733434
1267,-1.0228591773062021,-0.0001184134845800156
1268,-1.023101509171454,0.00021261979252401657
1269,-1.0226664270761603,0.0005381069399460242
1270,-1.0215661481915959,0.0008583738338665112
1271,-1.0198135140897193,0.0011737137727084325
1272,-1.0174219764833197,0.001484387466711817
1273,-1.01440558236294,0.0017906229365634246
1274,-1.0107789585541127,0.002092615332934662
1275,-1.0065572957066138,0.002390526673887167
1276,-1.0017563317343274,0.0026844855099046726
1277,-0.9963923347170294,0.0029745865144425953
1278,-0.9904820852898979,0.003260890018276859
1279,-0.9840428585263226,0.00354342148398949
1280,-0.9770924053483441,0.003822170951766584
1281,-0.9696489334648106,0.004097092452259598
1282,-0.9617310878712146,0.004368103415449705
1283,-0.9533579309251081,0.004635084092619852
1284,-0.9445489220136665,0.004897877009164453
1285,-0.9353238968384687,0.005156286472944758
1286,-0.925703046340459,0.00541007817104931
1287,-0.9157068952759744,0.005658978871704881
1288,-0.9053562804756439,0.005902676268515246
1289,-0.8946723288048872,0.006140818999372552
1290,-0.8836764348436361,0.006373016867219989
1291,-0.8723902383123345,0.006598841298953461
1292,-0.8608356012678939,0.0068178260798069735
1293,-0.8490345850854055,0.0070294683895613915
1294,-0.8370094272550261,0.007233230175225023
1295,-0.8247825180174857,0.007428539894535395
1296,-0.8123763768544165,0.007614794648661453
1297,-0.7998136288643138,0.007791362730646165
1298,-0.7871169810467507,0.007957586610476953
1299,-0.7743091985119861,0.008112786357368954
1300,-0.761413080649362,0.008256263514058605
1301,-0.748451437268983,0.008387305406230958
1302,-0.7354470647496214,0.008505189884601682
1303,-0.7224227222062893,0.00860919046153053
1304,-0.709401107711443,0.00869858181884713
1305,-0.6964048345850813,0.008772645631711377
1306,-0.6834564077834955,0.0088306766556805
1307,-0.6705782004088121,0.00887198901626617
1308,-0.657792430354533,0.008895922606031626
1309,-0.6451211371286831,0.008901849533884785
1310,-0.6325861588562702,0.008889180511438385
1311,-0.6202091094988305,0.008857371096275058
1312,-0.6080113563103566,0.008805927699147875
1313,-0.5960139975458958,0.008734413251245132
1314,-0.5842378404540227,0.008642452451084932
1315,-0.5727033795699583,0.008529736506313867
1316,-0.5614307753299101,0.0083960272922221
1317,-0.5504398330324705,0.008241160871482502
1318,-0.539749982164409,0.008065050324475263
1319,-0.5293802561122334,0.007867687857925625
1320,-0.519349272280266,0.00764914617786381
1321,-0.5096752126348179,0.007409579127803929
1322,-0.5003758046942153,0.0071492216124913925
1323,-0.49146830298292343,0.006868388843192497
1324,-0.48296947096696385,0.006567474950016388
1325,-0.4748955634936465,0.006246951033523633
1326,-0.4672623097467863,0.005907362723307729
1327,-0.460084896736646,0.005549327322419841
1328,-0.4533779533465463,0.005173530638017366
1329,-0.44715553494066285,0.0047807235695478895
1330,-0.44143110855819145,0.0043717185489028035
1331,-0.43621753870812086,0.0039473859223441935
1332,-0.4315270737687342,0.0035086503293016327
1333,-0.4273713330198632,0.003056487161392653
1334,-0.42376129431025333,0.0025919191451271996
1335,-0.42070728237402477,0.0021160130815393546
1336,-0.41821895781433227,0.0016298767790127145
1337,-0.41630530675683985,0.0011346561764208952
1338,-0.4149746311867659,0.0006315326485384906
1339,-0.41423453998243076,0.00012172047618818156
1340,-0.41409194064900134,-0.0003935355654807211
1341,-0.4145530317614714,-0.0009129625453098199
1342,-0.41562329613137194,-0.0014352617136429613
1343,-0.4173074946920394,-0.0019591109046285626
1344,-0.41960966111849984,-0.0024831670920311025
1345,-0.4225330971863457,-0.003006069169774517
1346,-0.4260803688659678,-0.0035264410613720398
1347,-0.4302533031678024,-0.004042895222924344
1348,-0.4350529857334493,-0.004554036625069793
1349,-0.4404797591774354,-0.00505846728097312
1350,-0.4465332221836036,-0.005554791364966528
1351,-0.45321222935299943,-0.006041620966017493
1352,-0.4605148918084012,-0.006517582480285723
1353,-0.4684385785484153,-0.0069813236448981585
1354,-0.4769799185579302,-0.007431521165603851
1355,-0.48613480366580575,-0.007866888886373704
1356,-0.49589839215147435,-0.00828618640412604
1357,-0.5062651130939173,-0.008688228017339823
1358,-0.5172286714617655,-0.009071891863338486
1359,-0.5287820539386132,-0.009436129076958477
1360,-0.5409175354729427,-0.009779972802264955
1361,-0.5536266865584594,-0.010102546839534727
1362,-0.5669003812217852,-0.010403073748975757
1363,-0.5807288057213782,-0.01068088219920591
1364,-0.5951014679482967,-0.010935413361775682
1365,-0.6100072075099661,-0.011166226190736598
1366,-0.6254342064996763,-0.011373001416638792
1367,-0.6413700009339607,-0.011555544133496949
1368,-0.6578014928445555,-0.011713784893468413
1369,-0.6747149630211879,-0.011847779245794193
1370,-0.6920960843865203,-0.011957705709762697
1371,-0.7099299359872475,-0.012043862219708807
1372,-0.7282010175985079,-0.012106661096214591
1373,-0.7468932649156557,-0.012146622661814483
1374,-0.7659900653241891,-0.012164367637714214
1375,-0.7854742742323992,-0.012160608487225099
1376,-0.8053282319465893,-0.012136139901737055
1377,-0.825533781079514,-0.012091828623225252
1378,-0.8460722844664588,-0.01202860282116065
1379,-0.8669246435749187,-0.011947441234580103
1380,-0.8880713173952017,-0.011849362272443282
1381,-0.9094923417811742,-0.01173541327584338
1382,-0.9311673492316288,-0.011606660109652311
1383,-0.9530755890940554,-0.011464177229012572
1384,-0.9751959481585288,-0.011309038362890524
1385,-0.9975069716357723,-0.011142307907033168
1386,-1.019986884492937,-0.010965033102659307
1387,-1.0426136131178794,-0.010778237066494476
1388,-1.065364807307617,-0.010582912685383746
1389,-1.0882178625463155,-0.010380017389088707
1390,-1.1111499425478826,-0.010170468797652347
1391,-1.1341380020569716,-0.009955141202366668
1392,-1.157158809873124,-0.009734862842834561
1393,-1.180188972069601,-0.00951041393965214
1394,-1.2032049554054538,-0.009282525405908506
1395,-1.226183110888769,-0.009051878180922231
1396,-1.2490996974668178,-0.008819103127469976
1397,-1.2719309058410602,-0.008584781404043456
1398,-1.2946528823556207,-0.00834944526370434
1399,-1.3172417529540894,-0.008113579205513902
1400,-1.3396736471788415,-0.007877621414015358
1401,-1.361924722178685,-0.007641965436477041
1402,-1.383971186712074,-0.0074069620408064064
1403,-1.4057893251210771,-0.007172921202687229
1404,-1.4273555212436122,-0.0069401141850758
1405,-1.4486462822474948,-0.006708775671296024
1406,-1.4696382623682211,-0.006479105910485274
1407,-1.4903082865085366,-0.006251272860633509
1408,-1.5106333736972601,-0.006025414293646418
1409,-1.5305907603685966,-0.005801639851064846
1410,-1.5501579234516214,-0.00558003302712056
1411,-1.5693126032323903,-0.0053606530738263426
1412,-1.5880328259783312,-0.005143536814746242
1413,-1.6062969263008995,-0.004928700357934343
1414,-1.6240835692245241,-0.004716140709320012
1415,-1.6413717719510714,-0.00450583727972758
1416,-1.6581409252962374,-0.004297753283195128
1417,-1.6743708147692757,-0.004091837029736981
1418,-1.6900416412809705,-0.0038880231140215474
1419,-1.7051340414653566,-0.003686233495741377
1420,-1.7196291075785837,-0.0034863784823009835
1421,-1.7335084069677293,-0.0032883576151587187
1422,-1.7467540010971163,-0.003092060453139868
1423,-1.759348464081512,-0.002897367276623714
1424,-1.7712749007529283,-0.002704149695873555
1425,-1.7825169642090657,-0.002512271176564912
1426,-1.7930588728279986,-0.002321587492029302
1427,-1.802885426757527,-0.0021319470940198964
1428,-1.811982023838837,-0.0019431914096741734
1429,-1.8203346749454852,-0.0017551550772782053
1430,-1.8279300187494556,-0.0015676661095149443
1431,-1.834755335876281,-0.001380545992184588
1432,-1.8407985624292849,-0.0011936097327542073
1433,-1.8460483029047765,-0.0010066658391849398
1434,-1.8504938424428587,-0.000819516248875037
1435,-1.8541251584259157,-0.0006319562062090289
1436,-1.8569329314170488,-0.00044377408125524767
1437,-1.8589085554041134,-0.00025475114237811055
1438,-1.8600441473618758,-6.466128271611164e-05
1439,-1.8603325561177684,0.0001267293195294685
1440,-1.8597673704982753,0.0003196625540441433
1441,-1.858342926764223,0.0005143888206793495
1442,-1.856054315326375,0.0007111674855657448
1443,-1.8528973867191922,0.0009102673985846579
1444,-1.848868756844098,0.0011119674528319908
1445,-1.843965811467669,0.001316557189983466
1446,-1.8381867099749059,0.0015243374517285128
1447,-1.8315303883664455,0.0017356210732313757
1448,-1.8239965615042735,0.001950733622263432
1449,-1.815585724601874,0.0021700141821418477
1450,-1.806299153953148,0.0023938161752427977
1451,-1.796138906899344,0.0026225082236473285
1452,-1.7851078210460827,0.0028564750526803157
1453,-1.7732095127103236,0.003096118424414565
1454,-1.7604483746120394,0.0033418580985453616
1455,-1.7468295728215395,0.003594132825246573
1456,-1.732359042930966,0.0038534013429340707
1457,-1.7170434855007386,0.004120143391874218
1458,-1.7008903607499661,0.004394860722009983
1459,-1.6839078824982323,0.004678078075212789
1460,-1.666105011390755,0.004970344136291288
1461,-1.64749144738731,0.005272232424291795
1462,-1.6280776215235448,0.005584342091781462
1463,-1.6078746869724156,0.005907298608353142
1464,-1.586894509396707,0.006241754285193812
1465,-1.5651496566012142,0.0065883885871072185
1466,-1.5426533875094393,0.006947908183809307
1467,-1.519419640459013,0.007321046663165802
1468,-1.495463020840468,0.007708563831961343
1469,-1.470798788080245,0.008111244502881372
1470,-1.4454428419861856,0.008529896654277313
1471,-1.4194117084742928,0.00896534883673498
1472,-1.3927225246766284,0.009418446664533045
1473,-1.3653930234548426,0.009890048215414041
1474,-1.3374415173393146,0.010381018142735803
1475,-1.3088868818911976,0.010892220254623339
1476,-1.2797485385219005,0.011424508305385913
1477,-1.2500464367840038,0.011978714713250939
1478,-1.2198010361319263,0.012555636864104207
1479,-1.1890332872009637,0.013156020673239188
1480,-1.157764612600353,0.013780541028416051
1481,-1.1260168872397855,0.014429778726531124
1482,-1.0938124182241538,0.015104193538099915
1483,-1.061173924324052,0.01580409304324145
1484,-1.0281245150350102,0.016529596920888515
1485,-0.9946876692698297,0.01728059649655241
1486,-0.9608872136821844,0.01805670945736798
1487,-0.926747300646305,0.018857229841373353
1488,-0.8922923859318139,0.019681073704687666
1489,-0.8575472060694516,0.0205267211727356
1490,-0.8225367554495584,0.021392156057505888
1491,-0.7872862631692854,0.022274804741449623
1492,-0.7518211696468775,0.02317147664379505
1493,-0.7161671030319177,0.024078309284055632
1494,-0.6803498554347449,0.024990721683347098
1495,-0.6443953589918507,0.025903380533656113
1496,-0.6083296617967662,0.026810184175751237
1497,-0.5721789037197738,0.02770426981855764
1498,-0.535969292134812,0.028578049480967756
1499,-0.4997270775838345,0.029423279749918457
1500,-0.4634785293969621,0.030231169438845865
1501,-0.4272499112980874,0.03099252757744652
1502,-0.3910674570123902,0.03169795176452739
1503,-0.35495734590613637,0.0323380539177671
1504,-0.31894567868052803,0.03290371698096662
1505,-0.28305845314056555,0.033386372533228154
1506,-0.24732154006713358,0.033778285926380276
1507,-0.2117606592130592,0.03407283299628258
1508,-0.17640135544702673,0.034264751051750184
1509,-0.141268975068904,0.03435034709209395
1510,-0.10638864232052114,0.03432764822426426
1511,-0.0717852361125324,0.034196482947361925
1512,-0.03748336699356969,0.0339584870337694
1513,-0.0035073543802788265,0.033617033538925284
1514,0.030118795926977526,0.033177092352869364
1515,0.06337141391997747,0.032645029919798826
1516,0.09622718723258572,0.03202836367933795
1517,0.12866318263744958,0.03133548809443455
1518,0.16065686717438865,0.030575389625333172
1519,0.19218612888614217,0.02975736690341637
1520,0.22322929714045614,0.028890769950622636
1521,0.2537651625243349,0.027984769025290384
1522,0.2837729962828419,0.027048160108002556
1523,0.31323256929058374,0.0260892105034267
1524,0.3421241705342375,0.02511554494577858
1525,0.37042862508719665,0.024134070111487705
1526,0.3981273115602022,0.0231509336593802
1527,0.42520217901286017,0.022171512820523584
1528,0.45163576330554633,0.021200427081512308
1529,0.4774112028765387,0.020241569502251328
1530,0.5025122539348885,0.01929815154062913
1531,0.5269233050435851,0.018372756862470974
1532,0.5506293910898101,0.017467400273962066
1533,0.5736162066210397,0.01658358866309127
1534,0.5958701185371851,0.01572238152419405
1535,0.6173781781276269,0.014884449269535818
1536,0.6381281324358028,0.01407012809541909
1537,0.6581084349504209,0.01327947059646269
1538,0.6773082556021173,0.012512291711475353
1539,0.6957174900606198,0.011768209850902784
1540,0.7133267683294129,0.011046683247444442
1541,0.7301274626152079,0.010347041749623078
1542,0.74611169447968,0.009668514338035693
1543,0.761272341260046,0.009010252715598847
1544,0.7756030417461446,0.008371351362498973
1545,0.7890982011224423,0.007750864424508685
1546,0.8017529951606903,0.007147819813525104
1547,0.8135633736575159,0.006561230881210693
1548,0.824526063121759,0.005990105988956746
1549,0.8346385687072981,0.005433456268902548
1550,0.8438991753773664,0.004890301868255558
1551,0.8523069483218322,0.00435967689253971
1552,0.8598617326077687,0.0038406332788115984
1553,0.8665641520696781,0.0033322437857746722
1554,0.872415607448012,0.0028336042547505128
1555,0.8774182737646541,0.002343835299733572
1556,0.8815750969526448,0.0018620835358848747
1557,0.8848897897311048,0.001387522464883519
1558,0.8873668267349046,0.0009193531108030561
1559,0.8890114389103374,0.00045680447675141287
1560,0.8898296071675134,-8.660638980103042e-07
1561,0.889828055310474,-0.00045437257716245523
1562,0.8890142422470362,-0.0009043999624578242
1563,0.8873963534807743,-0.0013516038106164477
1564,0.8849832919013707,-0.0017966097506866207
1565,0.881784667883359,-0.002240012814246152
1566,0.8778107886915478,-0.002682376578278923
1567,0.8730726472187982,-0.0031242320941364957
1568,0.8675819100603803,-0.0035660765723191943
1569,0.8613509049288623,-0.004008371779416398
1570,0.8543926074416959,-0.004451542143697999
1571,0.8467206272774632,-0.004895972536755795
1572,0.838349193715878,-0.005342005702307311
1573,0.8292931405912398,-0.0057899393373555125
1574,0.819567890655776,-0.006240022798938469
1575,0.8091894393760697,-0.006692453430062669
1576,0.798174338186044,-0.007147372518488929
1577,0.7865396771980215,-0.007604860881150434
1578,0.7743030674011067,-0.00806493409928529
1579,0.7614826223624789,-0.008527537435766218
1580,0.7480969394443662,-0.008992540470057521
1581,0.7341650805597197,-0.00945973150860084
1582,0.7197065524892565,-0.009928811853531883
1583,0.7047412867690355,-0.01039939000976746
1584,0.6892896191789077,-0.010870975954523404
1585,0.6733722688486523,-0.011342975606785715
1586,0.6570103169982531,-0.011814685650168513
1587,0.6402251853414072,-0.012285288904833257
1588,0.6230386141660205,-0.012753850447187725
1589,0.6054726401208086,-0.013219314718452257
1590,0.587549573722498,-0.013680503862219782
1591,0.5692919766112396,-0.014136117556680684
1592,0.5507226385770565,-0.014584734614771035
1593,0.5318645543748346,-0.015024816609923717
1594,0.5127409003565617,-0.015454713784605738
1595,0.4933750109426285,-0.015872673468573753
1596,0.473790354952186,-0.016276851184331163
1597,0.4540105118195896,-0.01666532456622006
1598,0.43405914772213805,-0.017036110152707375
1599,0.4139599916341723,-0.017387182995769888
1600,0.393736811343544,-0.017716498962688395
1601,0.37341338944476377,-0.01802201946404456
1602,0.3530134993345797,-0.018301738228908102
1603,0.33256088123791017,-0.01855370963657728
1604,0.3120792182837846,-0.01877607799098651
1605,0.2915921126543424,-0.01896710702233045
1606,0.27112306183508394,-0.019125208835803497
1607,0.25069543498641167,-0.01924897147072015
1608,0.23033244945810338,-0.019337184214768384
1609,0.2100571474764621,-0.019388859865784255
1610,0.1898923730201716,-0.019403253178589538
1611,0.16986074891200076,-0.019379874858206556
1612,0.1499846541480423,-0.019318500599800538
1613,0.1302862014857169,-0.01921917484474174
1614,0.11078721531491453,-0.019082209120988836
1615,0.09150920983221056,-0.018908175028257725
1616,0.07247336754100786,-0.018697892130046932
1617,0.05370051809778431,-0.018452411190647187
1618,0.03521111752641559,-0.01817299335386044
1619,0.017025227821562794,-0.0178610859856306
1620,-0.0008375030421916563,-0.0175182959726281
1621,-0.01835786066939704,-0.017146361334711223
1622,-0.035517083358314494,-0.01674712198771763
1623,-0.05229688074834371,-0.01632249047118645
1624,-0.06867945198068526,-0.01587442339345008
1625,-0.08464750335984661,-0.01540489423489906
1626,-0.10018426549108028,-0.014915868068293403
1627,-0.1152735098834512,-0.014409278612627491
1628,-0.12989956499858124,-0.013887007929860442
1629,-0.144047331729098,-0.013350868954553223
1630,-0.15770229829294635,-0.012802590937076693
1631,-0.17085055452913878,-0.012243807784771405
1632,-0.1834788055792842,-0.011676049208503929
1633,-0.19557438494067014,-0.011100734523667482
1634,-0.20712526688325283,-0.010519168888134717
1635,-0.21812007820965107,-0.009932541757728796
1636,-0.22854810935542957,-0.009341927291949825
1637,-0.2383993248137415,-0.008748286452358364
1638,-0.24766437287205179,-0.008152470547146575
1639,-0.25633459465998953,-0.007555225957499524
1640,-0.26440203248778005,-0.006957199839071514
1641,-0.27185943747771546,-0.006358946575428481
1642,-0.2787002764745523,-0.005760934807012416
1643,-0.2849187382286118,-0.005163554881109791
1644,-0.29050973885098585,-0.004567126574908369
1645,-0.2954689265266808,-0.003971906995552247
1646,-0.2997926854892654,-0.003378098556441365
1647,-0.30347813924932154,-0.0027858569612727313
1648,-0.3065231530721917,-0.0021952991470923005
1649,-0.30892633570552164,-0.0016065111450003192
1650,-0.31068704035538985,-0.00101955582890656
1651,-0.31180536490683153,-0.00043448053931509557
1652,-0.31228215138928306,0.0001486754217514701
1653,-0.3121189846934982,0.0007298734468866088
1654,-0.3113181905295477,0.0013090684078831938
1655,-0.30988283264134964,0.0018862015935564753
1656,-0.30781670927147786,0.002461193793916785
1657,-0.30512434887975814,0.0030339385298680356
1658,-0.30181100512902503,0.0036042954625571558
1659,-0.2978826511305641,0.0041720839804288866
1660,-0.29334597296461595,0.00473707700581877
1661,-0.28820836247913917,0.005298995058625881
1662,-0.2824779093722185,0.005857500624174765
1663,-0.27616339256806555,0.00641219288883984
1664,-0.2692742708968865,0.00696260292337353
1665,-0.2618206730850119,0.007508189402428946
1666,-0.2538133870633317,0.008048334951540151
1667,-0.24526384861403017,0.00858234325651167
1668,-0.23618412935354627,0.00910943703479036
1669,-0.22658692407611625,0.009628757018937326
1670,-0.2164855374631145,0.010139362080034615
1671,-0.20589387017220417,0.010640230623093655
1672,-0.1948264043250134,0.011130263396409585
1673,-0.18329818840022938,0.011608287819638501
1674,-0.17132482155463435,0.01207306394330436
1675,-0.15892243738277045,0.012523292109403946
1676,-0.14610768713190225,0.012957622350906577
1677,-0.132897722393011,0.013374665540384838
1678,-0.11931017727884807,0.013773006227933256
1679,-0.10536315011219699,0.01415121707348065
1680,-0.09107518464004727,0.014507874708993012
1681,-0.0764652507920971,0.014841576806461058
1682,-0.06155272500360809,0.015150960067279229
1683,-0.046357370122890984,0.015434718793700682
1684,-0.03089931492206688,0.015691623649109667
1685,-0.015199033230786085,0.015920540170299147
1686,0.0007226772824537875,0.016120446581847893
1687,0.016844716665772808,0.0162904504324744
1688,0.03314570454971033,0.01642980359973072
1689,0.04960400230459072,0.016537915225144514
1690,0.06619773546671581,0.016614362191831884
1691,0.08290481641016356,0.016658896824468868
1692,0.09970296724335981,0.016671451564643624
1693,0.11656974290504252,0.016652140476754874
1694,0.1334825544395244,0.01660125752945266
1695,0.1504186924266122,0.01651927170454089
1696,0.16735535054168338,0.01640681908860385
1697,0.18426964922517186,0.016264692185827486
1698,0.20113865943631026,0.016093826775341845
1699,0.21793942646587539,0.015895286705727443
1700,0.23464899378873838,0.01567024705045133
1701,0.25124442692745674,0.015419976091525983
1702,0.2677028373058903,0.015145816595974181
1703,0.28400140606972,0.014849166837203758
1704,0.30011740784713936,0.014531461795465526
1705,0.3160282344289982,0.01419415492099867
1706,0.33171141834401396,0.013838700795548813
1707,0.3471446563039251,0.013466538974301735
1708,0.3623058324975972,0.013079079221933944
1709,0.3771730417095398,0.012677688299398908
1710,0.39172461224002575,0.01226367839690136
1711,0.40593912860336445,0.011838297255949875
1712,0.41979545398316986,0.011402719971073918
1713,0.43327275242153007,0.010958042421404239
1714,0.44635051071840337,0.010505276252390604
1715,0.45900856002140245,0.010045345297494611
1716,0.471227097085162,0.009579083308974697
1717,0.48298670517583275,0.00910723286236453
1718,0.49426837460114825,0.008630445292070457
1719,0.5050535228498774,0.008149281502110337
1720,0.5153240143114601,0.007664213525344482
1721,0.5250621795651114,0.007175626687564899
1722,0.5342508342161523,0.00668382225033908
1723,0.5428732972542605,0.006189020435834014
1724,0.5509134089289347,0.005691363714054704
1725,0.5583555481108533,0.005190920281601865
1726,0.5651846491275307,0.004687687658798235
1727,0.5713862180601552,0.0041815963380975076
1728,0.5769463484764117,0.0036725134513911502
1729,0.5818517365917586,0.0031602464148828406
1730,0.5860896958378561,0.0026445465393361836
1731,0.5896481708294203,0.00212511259123711
1732,0.5925157507098078,0.0016015943125929591
1733,0.5946816818646141,0.001073595912459537
1734,0.5961358799905412,0.0005406795549703345
1735,0.5968689415086743,2.368769124768846e-06
1736,0.596872154306979,-0.0005418474296661382
1737,0.5961375078020836,-0.0010925118810921237
1738,0.5946577023169084,-0.0016501943046053796
1739,0.5924261577516035,-0.0022154876515568904
1740,0.5894370215520155,-0.0027890034647648243
1741,0.5856851759610322,-0.0033713669003206707
1742,0.5811662445429278,-0.003963211187662487
1743,0.5758765979823579,-0.004565171420869361
1744,0.5698133591441206,-0.0051778775455665685
1745,0.5629744073911382,-0.005801946400750391
1746,0.5553583821593833,-0.006437972672231477
1747,0.546964685780793,-0.007086518597415476
1748,0.5377934855515178,-0.007748102253428984
1749,0.5278457150505318,-0.008423184279047953
1750,0.5171230746983895,-0.009112152865328701
1751,0.5056280315554602,-0.009815306861585242
1752,0.4933638183696871,-0.010532836890312508
1753,0.4803344318634828,-0.011264804372600622
1754,0.4665446302628595,-0.012011118420458718
1755,0.4519999300808166,-0.01277151064868779
1756,0.43670660214236534,-0.01354550800707262
1757,0.42067166686970836,-0.014332403897416383
1758,0.40390288882090886,-0.015131227951302154
1759,0.38640877049397204,-0.01594071504350516
1760,0.36819854539976404,-0.01675927431461835
1761,0.34928217040872767,-0.017584959204707446
1762,0.3296703173837301,-0.018415439770473222
1763,0.3093743640994404,-0.01924797879433404
1764,0.28840638446628475,-0.020079413479658834
1765,0.2667791380598885,-0.020906144720776666
1766,0.2445060589707282,-0.021724136115688086
1767,0.2216012439837982,-0.022528924949266633
1768,0.19807944010035783,-0.023315647310267588
1769,0.17395603141279992,-0.02407907926582705
1770,0.1492470253435556,-0.024813695564220004
1771,0.1239690382682852,-0.025513746692765276
1772,0.0981392805272634,-0.026173354186663517
1773,0.07177554084901772,-0.026786623018609006
1774,0.04489617019551417,-0.02734776863050172
1775,0.017520065045218303,-0.027851254861931664
1776,-0.01033334986526313,-0.028291937793247332
1777,-0.0386441393318222,-0.028665209431927418
1778,-0.06739187597979424,-0.02896713447500485
1779,-0.09655565905632102,-0.029194573084610546
1780,-0.1261141336968592,-0.029345282900126255
1781,-0.15604551064595285,-0.029417994362426585
1782,-0.18632758641517455,-0.02941245480958265
1783,-0.2169377638584109,-0.029329438624837112
1784,-0.24785307314181182,-0.02917072281339861
1785,-0.279050193091507,-0.028939029522839478
1786,-0.3105054728963239,-0.028637939027178674
1787,-0.34219495414248513,-0.02827177835899995
1788,-0.374094393163773,-0.027845491931602375
1789,-0.40617928367998957,-0.027364501120500526
1790,-0.4384248797038168,-0.026834559806035777
1791,-0.4708062186959552,-0.0262616123981565
1792,-0.5032981449405014,-0.025651659995643197
1793,-0.535875333121993,-0.025010639162384763
1794,-0.5685123120818929,-0.024344316509225805
1795,-0.6011834887252121,-0.023658200988833308
1796,-0.6338631720603303,-0.0229574745999582
1797,-0.6665255973468334,-0.02224694118326991
1798,-0.6991449503237135,-0.021530992197029235
1799,-0.7316953915003666,-0.020813587771625192
1800,-0.7641510804808149,-0.020098251004301387
1801,-0.796486200303832,-0.019388073273718817
1802,-0.8286749817671364,-0.01868572836629806
1803,-0.860691727717608,-0.01799349330383281
1804,-0.8925108372849451,-0.017313273951784006
1805,-0.9241068300272417,-0.01664663374060041
1806,-0.9554543699724576,-0.01599482407790895
1807,-0.9865282895317904,-0.015358815291303528
1808,-1.0173036132540005,-0.014739327199521505
1809,-1.0477555814060082,-0.014136858618327771
1810,-1.0778596733562154,-0.013551715301938964
1811,-1.1075916307251248,-0.012984036005257613
1812,-1.1369274803017362,-0.012433816452892004
1813,-1.1658435566863545,-0.011900931134311642
1814,-1.1943165246374718,-0.011385152924753637
1815,-1.222323401117663,-0.010886170570650486
1816,-1.2498415769978806,-0.01040360414897275
1817,-1.2768488384075738,-0.009937018622188864
1818,-1.3033233877081045,-0.009485935635225522
1819,-1.3292438640749396,-0.009049843698840024
1820,-1.3545893636540285,-0.008628206925042528
1821,-1.3793394592897101,-0.008220472452876767
1822,-1.4034742197893877,-0.007826076719964374
1823,-1.4269742287223295,-0.007444450702972497
1824,-1.4498206027151213,-0.007075024263835098
1825,-1.4719950092417662,-0.0067172297098216545
1826,-1.4934796838874718,-0.0063705046683781965
1827,-1.5142574470590304,-0.006034294378107454
1828,-1.534311720139435,-0.0057080534713678105
1829,-1.5536265410647232,-0.00539124732317411
1830,-1.5721865793040308,-0.0050833530330298415
1831,-1.5899771502335085,-0.004783860096097399
1832,-1.6069842288947243,-0.004492270804848851
1833,-1.6231944631023936,-0.004208100439983631
1834,-1.6385951859223056,-0.003930877269279946
1835,-1.653174427481133,-0.0036601423947585465
1836,-1.6669209260947326,-0.0033954494814198177
1837,-1.6798241387323785,-0.0031363643762568217
1838,-1.6918742507786604,-0.0028824646449528016
1839,-1.7030621850840717,-0.002633339049472007
1840,-1.7133796103225123,-0.0023885869664654153
1841,-1.7228189486203291,-0.0021478177656787433
1842,-1.7313733824494335,-0.0019106501645753868
1843,-1.739036860806479,-0.001676711552812159
1844,-1.7458041046361572,-0.0014456373055888655
1845,-1.7516706115159195,-0.001217070087625233
1846,-1.7566326595934427,-0.0009906591497236168
1847,-1.7606873107668903,-0.0007660596258291805
1848,-1.7638324131079237,-0.0005429318339733912
1849,-1.7660666025346927,-0.0003209405763934112
1850,-1.7673893037146797,-9.975445556200566e-05
1851,-1.7678007302091423,0.00012095480358811962
1852,-1.7673018838649526,0.000341513029010934
1853,-1.7658945534320925,0.000562244250471927
1854,-1.7635813124351696,0.0007834713375916777
1855,-1.7603655162772185,0.0010055166242228953
1856,-1.756251298602514,0.001228702512178028
1857,-1.7512435668952744,0.0014533520519908255
1858,-1.7453479973410904,0.001679789500410944
1859,-1.7385710289501084,0.0019083408522190238
1860,-1.73091985693552,0.0021393343375733223
1861,-1.7224024253724508,0.0023731008862294535
1862,-1.7130274191347432,0.002609974551241294
1863,-1.7028042551151952,0.002850292885947286
1864,-1.6917430727432468,0.003094397264445293
1865,-1.6798547238147163,0.003342633147721696
1866,-1.6671507616202152,0.0035953502684853604
1867,-1.6536434294192963,0.003852902740966966
1868,-1.6393456482431255,0.00411564907629982
1869,-1.6242710040376682,0.004383952081106855
1870,-1.6084337341875088,0.004658178637109523
1871,-1.5918487134057866,0.004938699335715852
1872,-1.5745314390053142,0.0052258879389149165
1873,-1.556498015591508,0.005520120656749531
1874,-1.5377651391652805,0.005821775206670897
1875,-1.5183500806531782,0.006131229616680634
1876,-1.4982706689067342,0.006448860755946625
1877,-1.4775452731544867,0.006775042538906997
1878,-1.4561927849456424,0.007110143769239463
1879,-1.434232599598623,0.007454525579280814
1880,-1.4116845971671026,0.007808538412953289
1881,-1.3885691229465174,0.008172518498851531
1882,-1.3649069675462862,0.00854678376517212
1883,-1.340719346533195,0.008931629130190997
1884,-1.3160278796769802,0.00932732111137544
1885,-1.2908545698207803,0.009734091699750945
1886,-1.265221781383012,0.010152131430048224
1887,-1.2391522185292558,0.010581581604284195
1888,-1.2126689030209619,0.011022525610556857
1889,-1.1857951517770857,0.011474979312139413
1890,-1.158554554154442,0.011938880474119635
1891,-1.1309709489828705,0.01241407723245877
1892,-1.1030684013743155,0.012900315633918778
1893,-1.0748711793215904,0.01339722629965503
1894,-1.0464037301191098,0.013904310319633767
1895,-1.017690656626705,0.014420924534104833
1896,-0.9887566933938885,0.014946266410336476
1897,-0.9596266826746458,0.015479358800586035
1898,-0.9303255503585319,0.016019034952782008
1899,-0.9008782818271541,0.01656392420291203
1900,-0.8713098977819058,0.01711243890748929
1901,-0.8416454300494749,0.017662763235736404
1902,-0.8119098973905068,0.018212844529127963
1903,-0.7821282813484487,0.018760388034528543
1904,-0.7523255021466753,0.01930285584240822
1905,-0.722526394665401,0.019837470905492052
1906,-0.69275568452084,0.020361226991759886
1907,-0.6630379642723057,0.020870905368711317
1908,-0.6333976697744106,0.021363098876607357
1909,-0.6038590567051756,0.02183424387473251
1910,-0.5744461772866742,0.022280660263633897
1911,-0.5451828572272177,0.02269859947184329
1912,-0.5160926729019479,0.023084299889198606
1913,-0.4871989287965448,0.023434048796843254
1914,-0.45852463524055764,0.023744249401692
1915,-0.43009248644310105,0.02401149111698847
1916,-0.4019248388599479,0.02423262085630789
1917,-0.3740436899133073,0.02440481280521274
1918,-0.34647065707763147,0.024525633934727325
1919,-0.31922695736173523,0.02459310252556683
1920,-0.29233338720123214,0.024605737104761514
1921,-0.26581030278132545,0.024562593527525187
1922,-0.23967760081286826,0.024463288440478206
1923,-0.21395469977701254,0.024308007979757587
1924,-0.18866052165734715,0.024097501275626147
1925,-0.16381347417978986,0.023833059091475515
1926,-0.13943143357504084,0.02351647864261081
1927,-0.11553172788046595,0.023150016282052384
1928,-0.09213112080148278,0.022736330268047677
1929,-0.06924579614278059,0.022278416164943807
1930,-0.046891342827137805,0.02177953761220381
1931,-0.025082740520360858,0.021243155211063715
1932,-0.003834345867517186,0.020672856089587736
1933,0.01684012063692819,0.020072286451396287
1934,0.03692758713819444,0.019445089008143783
1935,0.05641564225584261,0.01879484676437964
1936,0.07529254624948578,0.018125034178999484
1937,0.09354724151114624,0.017438976263693277
1938,0.11116936236597041,0.016739815809922634
1939,0.12814924417961038,0.01603048856587877
1940,0.14447793175801849,0.015313705932552267
1941,0.1601471870331963,0.014591944538079358
1942,0.1751494960280766,0.013867441916528729
1943,0.18947807509405123,0.013142197444144917
1944,0.2031268764142098,0.012417977666002238
1945,0.2160905927653829,0.011696325174938765
1946,0.22836466154058854,0.010978570233879855
1947,0.23994526801918425,0.010265844437346391
1948,0.25082934789040223,0.009559095761682417
1949,0.2610145890224089,0.008859104463109503
1950,0.27049943247538977,0.00816649937338446
1951,0.2792830727635689,0.0074817742086751215
1952,0.2873654573566711,0.006805303619252013
1953,0.2947472854316331,0.006137358744250098
1954,0.30143000586884483,0.00547812211959415
1955,0.30741581449586164,0.004827701837299243
1956,0.3127076505880808,0.004186144875506547
1957,0.31730919261851653,0.0035534495895025438
1958,0.3212248532733071,0.0029295773420465834
1959,0.32445977373013335,0.0023144632955462248
1960,0.3270198172061143,0.001708026397741742
1961,0.32891156178561687,0.001110178594133388
1962,0.3301422925333384,0.0005208333067304064
1963,0.3307199928980964,-6.008677213935621e-05
1964,0.3306533354190577,-0.0006326425207275825
1965,0.3299516717458033,-0.0011968718721669129
1966,0.32862502197374965,-0.0017527838301783357
1967,0.32668406331786315,-0.0023003530726759427
1968,0.3241401181256407,-0.0028395150805606527
1969,0.32100514124559254,-0.003370161793598106
1970,0.31729170676687346,-0.0038921378042627323
1971,0.3130129941361446,-0.004405237085347264
1972,0.308182773672911,-0.004909200279614476
1973,0.3028153914942422,-0.005403712576411153
1974,0.29692575386288667,-0.005888402203507151
1975,0.2905293109773055,-0.006362839576537889
1976,0.28364204021947614,-0.006826537149951583
1977,0.2762804288751326,-0.007278950012060578
1978,0.2684614563446601,-0.007719477266241144
1979,0.2602025758649802,-0.008147464248096953
1980,0.2515216957560682,-0.008562205605572444
1981,0.24243716021527462,-0.008962949276894915
1982,0.23296772967604795,-0.009348901380028253
1983,0.2231325607508765,-0.009719232013110018
1984,0.21295118578047578,-0.010073081954663434
1985,0.20244349200640954,-0.010409570220564756
1986,0.19162970039153038,-0.010727802423962407
1987,0.1805303441069981,-0.011026879852710048
1988,0.16916624670676583,-0.01130590915076585
1989,0.15755850001556837,-0.011564012480725855
1990,0.14572844174603716,-0.01180033799703806
1991,0.1336976328735915,-0.012014070461999631
1992,0.12148783478784253,-0.012204441803711672
1993,0.10912098624353206,-0.012370741405257742
1994,0.09661918013662785,-0.012512325914369874
1995,0.08400464012574105,-0.012628628352578764
1996,0.071299697123969,-0.01271916631667608
1997,0.05852676568384396,-0.012783549075747089
1998,0.045708320299695515,-0.012783549075747089
1999,0.045708320299695515,-0.012783549075747089
