X,Y
0.0,0.0
0.2,0.0
0.4,0.0
0.6000000000000001,0.0
0.8,0.0
1.0,0.0
1.2000000000000002,0.0
1.4000000000000001,0.0
1.6,0.0
1.8,0.0
2.0,0.0
2.2,0.0
2.4000000000000004,0.0
2.6,0.0
2.8000000000000003,0.0
3.0,0.0
3.2,0.0
3.4000000000000004,0.0
3.6,0.0
3.8000000000000003,0.0
4.0,0.0
4.2,0.0
4.4,0.0
4.6000000000000005,0.0
4.800000000000001,0.0
5.0,0.0
5.2,0.0
5.4,0.0
5.6000000000000005,0.0
5.800000000000001,0.0
6.0,0.0
6.2,0.0
6.4,0.0
6.6000000000000005,0.0
6.800000000000001,0.0
7.0,0.0
7.2,0.0
7.4,0.0
7.6000000000000005,0.0
7.800000000000001,0.0
8.0,0.0
8.200000000000001,0.0
8.4,0.0
8.6,0.0
8.8,0.0
9.0,0.0
9.200000000000001,0.0
9.4,0.0
9.600000000000001,0.0
9.8,0.0
10.0,0.0
10.200000000000001,0.0
10.4,0.0
10.600000000000001,0.0
10.8,0.0
11.0,0.0
11.200000000000001,0.0
11.4,0.0
11.600000000000001,0.0
11.8,0.0
12.0,0.0
12.200000000000001,0.0
12.4,0.0
12.600000000000001,0.0
12.8,0.0
13.0,0.0
13.200000000000001,0.0
13.4,0.0
13.600000000000001,0.0
13.8,0.0
14.0,0.0
14.200000000000001,0.0
14.4,0.0
14.600000000000001,0.0
14.8,0.0
15.0,0.0
15.200000000000001,0.0
15.4,0.0
15.600000000000001,0.0
15.8,0.0
16.0,0.0
16.2,0.0
16.400000000000002,0.0
16.6,0.0
16.8,0.0
17.0,0.0
17.2,0.0
17.400000000000002,0.0
17.6,0.0
17.8,0.0
18.0,0.0
18.2,0.0
18.400000000000002,0.0
18.6,0.0
18.8,0.0
19.0,0.0
19.200000000000003,0.0
19.400000000000002,0.0
19.6,0.0
19.8,0.0
20.0,0.0
20.200000000000003,0.0
20.400000000000002,0.0
20.6,0.0
20.8,0.0
21.0,0.0
21.200000000000003,0.0
21.400000000000002,0.0
21.6,0.0
21.8,0.0
22.0,0.0
22.200000000000003,0.0
22.400000000000002,0.0
22.6,0.0
22.8,0.0
23.0,0.0
23.200000000000003,0.0
23.400000000000002,0.0
23.6,0.0
23.8,0.0
24.0,0.0
24.200000000000003,0.0
24.400000000000002,0.0
24.6,0.0
24.8,0.0
25.0,0.0
25.200000000000003,0.0
25.400000000000002,0.0
25.6,0.0
25.8,0.0
26.0,0.0
26.200000000000003,0.0
26.400000000000002,0.0
26.6,0.0
26.8,0.0
27.0,0.0
27.200000000000003,0.0
27.400000000000002,0.0
27.6,0.0
27.8,0.0
28.0,0.0
28.200000000000003,0.0
28.400000000000002,0.0
28.6,0.0
28.8,0.0
29.0,0.0
29.200000000000003,0.0
29.400000000000002,0.0
29.6,0.0
29.8,0.0
30.0,0.0
30.200000000000003,0.0
30.400000000000002,0.0
30.6,0.0
30.8,0.0
31.0,0.0
31.200000000000003,0.0
31.400000000000002,0.0
31.6,0.0
31.8,0.0
32.0,0.0
32.2,0.0
32.4,0.0
32.6,0.0
32.800000000000004,0.0
33.0,0.0
33.2,0.0
33.4,0.0
33.6,0.0
33.800000000000004,0.0
34.0,0.0
34.2,0.0
34.4,0.0
34.6,0.0
34.800000000000004,0.0
35.0,0.0
35.2,0.0
35.4,0.0
35.6,0.0
35.800000000000004,0.0
36.0,0.0
36.2,0.0
36.4,0.0
36.6,0.0
36.800000000000004,0.0
37.0,0.0
37.2,0.0
37.4,0.0
37.6,0.0
37.800000000000004,0.0
38.0,0.0
38.2,0.0
38.400000000000006,0.0
38.6,0.0
38.800000000000004,0.0
39.0,0.0
39.2,0.0
39.400000000000006,0.0
39.6,0.0
39.800000000000004,0.0
40.0,0.0
40.2,0.0
40.400000000000006,0.0
40.6,0.0
40.800000000000004,0.0
41.0,0.0
41.2,0.0
41.400000000000006,0.0
41.6,0.0
41.800000000000004,0.0
42.0,0.0
42.2,0.0
42.400000000000006,0.0
42.6,0.0
42.800000000000004,0.0
43.0,0.0
43.2,0.0
43.400000000000006,0.0
43.6,0.0
43.800000000000004,0.0
44.0,0.0
44.2,0.0
44.400000000000006,0.0
44.6,0.0
44.800000000000004,0.0
45.0,0.0
45.2,0.0
45.400000000000006,0.0
45.6,0.0
45.800000000000004,0.0
46.0,0.0
46.2,0.0
46.400000000000006,0.0
46.6,0.0
46.800000000000004,0.0
47.0,0.0
47.2,0.0
47.400000000000006,0.0
47.6,0.0
47.800000000000004,0.0
48.0,0.0
48.2,0.0
48.400000000000006,0.0
48.6,0.0
48.800000000000004,0.0
49.0,0.0
49.2,0.0
49.400000000000006,0.0
49.6,0.0
49.800000000000004,0.0
50.0,0.0
50.2,0.0
50.400000000000006,0.0
50.6,0.0
50.800000000000004,0.0
51.0,0.0
51.2,0.0
51.400000000000006,0.0
51.6,0.0
51.800000000000004,0.0
52.0,0.0
52.2,0.0
52.400000000000006,0.0
52.6,0.0
52.800000000000004,0.0
53.0,0.0
53.2,0.0
53.400000000000006,0.0
53.6,0.0
53.800000000000004,0.0
54.0,0.0
54.2,0.0
54.400000000000006,0.0
54.6,0.0
54.800000000000004,0.0
55.0,0.0
55.2,0.0
55.400000000000006,0.0
55.6,0.0
55.800000000000004,0.0
56.0,0.0
56.2,0.0
56.400000000000006,0.0
56.6,0.0
56.800000000000004,0.0
57.0,0.0
57.2,0.0
57.400000000000006,0.0
57.6,0.0
57.800000000000004,0.0
58.0,0.0
58.2,0.0
58.400000000000006,0.0
58.6,0.0
58.800000000000004,0.0
59.0,0.0
59.2,0.0
59.400000000000006,0.0
59.6,0.0
59.800000000000004,0.0
60.0,0.0
60.2,0.0
60.400000000000006,0.0
60.6,0.0
60.800000000000004,0.0
61.0,0.0
61.2,0.0
61.400000000000006,0.0
61.6,0.0
61.800000000000004,0.0
62.0,0.0
62.2,0.0
62.400000000000006,0.0
62.6,0.0
62.800000000000004,0.0
63.0,0.0
63.2,0.0
63.400000000000006,0.0
63.6,0.0
63.800000000000004,0.0
64.0,0.0
64.2,0.0
64.4,0.0
64.60000000000001,0.0
64.8,0.0
65.0,0.0
65.2,0.0
65.4,0.0
65.60000000000001,0.0
65.8,0.0
66.0,0.0
66.2,0.0
66.4,0.0
66.60000000000001,0.0
66.8,0.0
67.0,0.0
67.2,0.0
67.4,0.0
67.60000000000001,0.0
67.8,0.0
68.0,0.0
68.2,0.0
68.4,0.0
68.60000000000001,0.0
68.8,0.0
69.0,0.0
69.2,0.0
69.4,0.0
69.60000000000001,0.0
69.8,0.0
70.0,0.0
70.2,0.0
70.4,0.0
70.60000000000001,0.0
70.8,0.0
71.0,0.0
71.2,0.0
71.4,0.0
71.60000000000001,0.0
71.8,0.0
72.0,0.0
72.2,0.0
72.4,0.0
72.60000000000001,0.0
72.8,0.0
73.0,0.0
73.2,0.0
73.4,0.0
73.60000000000001,0.0
73.8,0.0
74.0,0.0
74.2,0.0
74.4,0.0
74.60000000000001,0.0
74.8,0.0
75.0,0.0
75.2,0.0
75.4,0.0
75.60000000000001,0.0
75.8,0.0
76.0,0.0
76.2,0.0
76.4,0.0
76.60000000000001,0.0
76.80000000000001,0.0
77.0,0.0
77.2,0.0
77.4,0.0
77.60000000000001,0.0
77.80000000000001,0.0
78.0,0.0
78.2,0.0
78.4,0.0
78.60000000000001,0.0
78.80000000000001,0.0
79.0,0.0
79.2,0.0
79.4,0.0
79.60000000000001,0.0
79.80000000000001,0.0
80.0,0.0
80.2,0.0
80.4,0.0
80.60000000000001,0.0
80.80000000000001,0.0
81.0,0.0
81.2,0.0
81.4,0.0
81.60000000000001,0.0
81.80000000000001,0.0
82.0,0.0
82.2,0.0
82.4,0.0
82.60000000000001,0.0
82.80000000000001,0.0
83.0,0.0
83.2,0.0
83.4,0.0
83.60000000000001,0.0
83.80000000000001,0.0
84.0,0.0
84.2,0.0
84.4,0.0
84.60000000000001,0.0
84.80000000000001,0.0
85.0,0.0
85.2,0.0
85.4,0.0
85.60000000000001,0.0
85.80000000000001,0.0
86.0,0.0
86.2,0.0
86.4,0.0
86.60000000000001,0.0
86.80000000000001,0.0
87.0,0.0
87.2,0.0
87.4,0.0
87.60000000000001,0.0
87.80000000000001,0.0
88.0,0.0
88.2,0.0
88.4,0.0
88.60000000000001,0.0
88.80000000000001,0.0
89.0,0.0
89.2,0.0
89.4,0.0
89.60000000000001,0.0
89.80000000000001,0.0
90.0,0.0
90.2,0.0
90.4,0.0
90.60000000000001,0.0
90.80000000000001,0.0
91.0,0.0
91.2,0.0
91.4,0.0
91.60000000000001,0.0
91.80000000000001,0.0
92.0,0.0
92.2,0.0
92.4,0.0
92.60000000000001,0.0
92.80000000000001,0.0
93.0,0.0
93.2,0.0
93.4,0.0
93.60000000000001,0.0
93.80000000000001,0.0
94.0,0.0
94.2,0.0
94.4,0.0
94.60000000000001,0.0
94.80000000000001,0.0
95.0,0.0
95.2,0.0
95.4,0.0
95.60000000000001,0.0
95.80000000000001,0.0
96.0,0.0
96.2,0.0
96.4,0.0
96.60000000000001,0.0
96.80000000000001,0.0
97.0,0.0
97.2,0.0
97.4,0.0
97.60000000000001,0.0
97.80000000000001,0.0
98.0,0.0
98.2,0.0
98.4,0.0
98.60000000000001,0.0
98.80000000000001,0.0
99.0,0.0
99.2,0.0
99.4,0.0
99.60000000000001,0.0
99.80000000000001,0.0
100.0,0.0
100.2,0.0
100.4,0.0
100.60000000000001,0.0
100.80000000000001,0.0
101.0,0.0
101.2,0.0
101.4,0.0
101.60000000000001,0.0
101.80000000000001,0.0
102.0,0.0
102.2,0.0
102.4,0.0
102.60000000000001,0.0
102.80000000000001,0.0
103.0,0.0
103.2,0.0
103.4,0.0
103.60000000000001,0.0
103.80000000000001,0.0
104.0,0.0
104.2,0.0
104.4,0.0
104.60000000000001,0.0
104.80000000000001,0.0
105.0,0.0
105.2,0.0
105.4,0.0
105.60000000000001,0.0
105.80000000000001,0.0
106.0,0.0
106.2,0.0
106.4,0.0
106.60000000000001,0.0
106.80000000000001,0.0
107.0,0.0
107.2,0.0
107.4,0.0
107.60000000000001,0.0
107.80000000000001,0.0
108.0,0.0
108.2,0.0
108.4,0.0
108.60000000000001,0.0
108.80000000000001,0.0
109.0,0.0
109.2,0.0
109.4,0.0
109.60000000000001,0.0
109.80000000000001,0.0
110.0,0.0
110.2,0.0
110.4,0.0
110.60000000000001,0.0
110.80000000000001,0.0
111.0,0.0
111.2,0.0
111.4,0.0
111.60000000000001,0.0
111.80000000000001,0.0
112.0,0.0
112.2,0.0
112.4,0.0
112.60000000000001,0.0
112.80000000000001,0.0
113.0,0.0
113.2,0.0
113.4,0.0
113.60000000000001,0.0
113.80000000000001,0.0
114.0,0.0
114.2,0.0
114.4,0.0
114.60000000000001,0.0
114.80000000000001,0.0
115.0,0.0
115.2,0.0
115.4,0.0
115.60000000000001,0.0
115.80000000000001,0.0
116.0,0.0
116.2,0.0
116.4,0.0
116.60000000000001,0.0
116.80000000000001,0.0
117.0,0.0
117.2,0.0
117.4,0.0
117.60000000000001,0.0
117.80000000000001,0.0
118.0,0.0
118.2,0.0
118.4,0.0
118.60000000000001,0.0
118.80000000000001,0.0
119.0,0.0
119.2,0.0
119.4,0.0
119.60000000000001,0.0
119.80000000000001,0.0
120.0,0.0
120.2,0.0
120.4,0.0
120.60000000000001,0.0
120.80000000000001,0.0
121.0,0.0
121.2,0.0
121.4,0.0
121.60000000000001,0.0
121.80000000000001,0.0
122.0,0.0
122.2,0.0
122.4,0.0
122.60000000000001,0.0
122.80000000000001,0.0
123.0,0.0
123.2,0.0
123.4,0.0
123.60000000000001,0.0
123.80000000000001,0.0
124.0,0.0
124.2,0.0
124.4,0.0
124.60000000000001,0.0
124.80000000000001,0.0
125.0,0.0
125.2,0.0
125.4,0.0
125.60000000000001,0.0
125.80000000000001,0.0
126.0,0.0
126.2,0.0
126.4,0.0
126.60000000000001,0.0
126.80000000000001,0.0
127.0,0.0
127.2,0.0
127.4,0.0
127.60000000000001,0.0
127.80000000000001,0.0
128.0,0.0
128.20000000000002,0.0
128.4,0.0
128.6,0.0
128.8,0.0
129.0,0.0
129.20000000000002,0.0
129.4,0.0
129.6,0.0
129.8,0.0
130.0,0.0
130.20000000000002,0.0
130.4,0.0
130.6,0.0
130.8,0.0
131.0,0.0
131.20000000000002,0.0
131.4,0.0
131.6,0.0
131.8,0.0
132.0,0.0
132.20000000000002,0.0
132.4,0.0
132.6,0.0
132.8,0.0
133.0,0.0
133.20000000000002,0.0
133.4,0.0
133.6,0.0
133.8,0.0
134.0,0.0
134.20000000000002,0.0
134.4,0.0
134.6,0.0
134.8,0.0
135.0,0.0
135.20000000000002,0.0
135.4,0.0
135.6,0.0
135.8,0.0
136.0,0.0
136.20000000000002,0.0
136.4,0.0
136.6,0.0
136.8,0.0
137.0,0.0
137.20000000000002,0.0
137.4,0.0
137.6,0.0
137.8,0.0
138.0,0.0
138.20000000000002,0.0
138.4,0.0
138.6,0.0
138.8,0.0
139.0,0.0
139.20000000000002,0.0
139.4,0.0
139.6,0.0
139.8,0.0
140.0,0.0
140.20000000000002,0.0
140.4,0.0
140.6,0.0
140.8,0.0
141.0,0.0
141.20000000000002,0.0
141.4,0.0
141.6,0.0
141.8,0.0
142.0,0.0
142.20000000000002,0.0
142.4,0.0
142.6,0.0
142.8,0.0
143.0,0.0
143.20000000000002,0.0
143.4,0.0
143.6,0.0
143.8,0.0
144.0,0.0
144.20000000000002,0.0
144.4,0.0
144.6,0.0
144.8,0.0
145.0,0.0
145.20000000000002,0.0
145.4,0.0
145.6,0.0
145.8,0.0
146.0,0.0
146.20000000000002,0.0
146.4,0.0
146.6,0.0
146.8,0.0
147.0,0.0
147.20000000000002,0.0
147.4,0.0
147.6,0.0
147.8,0.0
148.0,0.0
148.20000000000002,0.0
148.4,0.0
148.6,0.0
148.8,0.0
149.0,0.0
149.20000000000002,0.0
149.4,0.0
149.6,0.0
149.8,0.0
150.0,0.0
150.20000000000002,0.0
150.4,0.0
150.6,0.0
150.8,0.0
151.0,0.0
151.20000000000002,0.0
151.4,0.0
151.6,0.0
151.8,0.0
152.0,0.0
152.20000000000002,0.0
152.4,0.0
152.6,0.0
152.8,0.0
153.0,0.0
153.20000000000002,0.0
153.4,0.0
153.60000000000002,0.0
153.8,0.0
154.0,0.0
154.20000000000002,0.0
154.4,0.0
154.60000000000002,0.0
154.8,0.0
155.0,0.0
155.20000000000002,0.0
155.4,0.0
155.60000000000002,0.0
155.8,0.0
156.0,0.0
156.20000000000002,0.0
156.4,0.0
156.60000000000002,0.0
156.8,0.0
157.0,0.0
157.20000000000002,0.0
157.4,0.0
157.60000000000002,0.0
157.8,0.0
158.0,0.0
158.20000000000002,0.0
158.4,0.0
158.60000000000002,0.0
158.8,0.0
159.0,0.0
159.20000000000002,0.0
159.4,0.0
159.60000000000002,0.0
159.8,0.0
160.0,0.0
160.20000000000002,0.0
160.4,0.0
160.60000000000002,0.0
160.8,0.0
161.0,0.0
161.20000000000002,0.0
161.4,0.0
161.60000000000002,0.0
161.8,0.0
162.0,0.0
162.20000000000002,0.0
162.4,0.0
162.60000000000002,0.0
162.8,0.0
163.0,0.0
163.20000000000002,0.0
163.4,0.0
163.60000000000002,0.0
163.8,0.0
164.0,0.0
164.20000000000002,0.0
164.4,0.0
164.60000000000002,0.0
164.8,0.0
165.0,0.0
165.20000000000002,0.0
165.4,0.0
165.60000000000002,0.0
165.8,0.0
166.0,0.0
166.20000000000002,0.0
166.4,0.0
166.60000000000002,0.0
166.8,0.0
167.0,0.0
167.20000000000002,0.0
167.4,0.0
167.60000000000002,0.0
167.8,0.0
168.0,0.0
168.20000000000002,0.0
168.4,0.0
168.60000000000002,0.0
168.8,0.0
169.0,0.0
169.20000000000002,0.0
169.4,0.0
169.60000000000002,0.0
169.8,0.0
170.0,0.0
170.20000000000002,0.0
170.4,0.0
170.60000000000002,0.0
170.8,0.0
171.0,0.0
171.20000000000002,0.0
171.4,0.0
171.60000000000002,0.0
171.8,0.0
172.0,0.0
172.20000000000002,0.0
172.4,0.0
172.60000000000002,0.0
172.8,0.0
173.0,0.0
173.20000000000002,0.0
173.4,0.0
173.60000000000002,0.0
173.8,0.0
174.0,0.0
174.20000000000002,0.0
174.4,0.0
174.60000000000002,0.0
174.8,0.0
175.0,0.0
175.20000000000002,0.0
175.4,0.0
175.60000000000002,0.0
175.8,0.0
176.0,0.0
176.20000000000002,0.0
176.4,0.0
176.60000000000002,0.0
176.8,0.0
177.0,0.0
177.20000000000002,0.0
177.4,0.0
177.60000000000002,0.0
177.8,0.0
178.0,0.0
178.20000000000002,0.0
178.4,0.0
178.60000000000002,0.0
178.8,0.0
179.0,0.0
179.20000000000002,0.0
179.4,0.0
179.60000000000002,0.0
179.8,0.0
180.0,0.0
180.20000000000002,0.0
180.4,0.0
180.60000000000002,0.0
180.8,0.0
181.0,0.0
181.20000000000002,0.0
181.4,0.0
181.60000000000002,0.0
181.8,0.0
182.0,0.0
182.20000000000002,0.0
182.4,0.0
182.60000000000002,0.0
182.8,0.0
183.0,0.0
183.20000000000002,0.0
183.4,0.0
183.60000000000002,0.0
183.8,0.0
184.0,0.0
184.20000000000002,0.0
184.4,0.0
184.60000000000002,0.0
184.8,0.0
185.0,0.0
185.20000000000002,0.0
185.4,0.0
185.60000000000002,0.0
185.8,0.0
186.0,0.0
186.20000000000002,0.0
186.4,0.0
186.60000000000002,0.0
186.8,0.0
187.0,0.0
187.20000000000002,0.0
187.4,0.0
187.60000000000002,0.0
187.8,0.0
188.0,0.0
188.20000000000002,0.0
188.4,0.0
188.60000000000002,0.0
188.8,0.0
189.0,0.0
189.20000000000002,0.0
189.4,0.0
189.60000000000002,0.0
189.8,0.0
190.0,0.0
190.20000000000002,0.0
190.4,0.0
190.60000000000002,0.0
190.8,0.0
191.0,0.0
191.20000000000002,0.0
191.4,0.0
191.60000000000002,0.0
191.8,0.0
192.0,0.0
192.20000000000002,0.0
192.4,0.0
192.60000000000002,0.0
192.8,0.0
193.0,0.0
193.20000000000002,0.0
193.4,0.0
193.60000000000002,0.0
193.8,0.0
0.0,20.6
0.0,20.400000000000002
0.0,20.200000000000003
0.0,20.0
0.0,19.8
0.0,19.6
0.0,19.400000000000002
0.0,19.200000000000003
0.0,19.0
0.0,18.8
0.0,18.6
0.0,18.400000000000002
0.0,18.2
0.0,18.0
0.0,17.8
0.0,17.6
0.0,17.400000000000002
0.0,17.2
0.0,17.0
0.0,16.8
0.0,16.6
0.0,16.400000000000002
0.0,16.2
0.0,16.0
0.0,15.8
0.0,15.600000000000001
0.0,15.4
0.0,15.200000000000001
0.0,15.0
0.0,14.8
0.0,14.600000000000001
0.0,14.4
0.0,14.200000000000001
0.0,14.0
0.0,13.8
0.0,13.600000000000001
0.0,13.4
0.0,13.200000000000001
0.0,13.0
0.0,12.8
0.0,12.600000000000001
0.0,12.4
0.0,12.200000000000001
0.0,12.0
0.0,11.8
0.0,11.600000000000001
0.0,11.4
0.0,11.200000000000001
0.0,11.0
0.0,10.8
0.0,10.600000000000001
0.0,10.4
0.0,10.200000000000001
0.0,10.0
0.0,9.8
0.0,9.600000000000001
0.0,9.4
0.0,9.200000000000001
0.0,9.0
0.0,8.8
0.0,8.6
0.0,8.4
0.0,8.200000000000001
0.0,8.0
0.0,7.800000000000001
0.0,7.6000000000000005
0.0,7.4
0.0,7.2
0.0,7.0
0.0,6.800000000000001
0.0,6.6000000000000005
0.0,6.4
0.0,6.2
0.0,6.0
0.0,5.800000000000001
0.0,5.6000000000000005
0.0,5.4
0.0,5.2
0.0,5.0
0.0,4.800000000000001
0.0,4.6000000000000005
0.0,4.4
0.0,4.2
0.0,4.0
0.0,3.8000000000000003
0.0,3.6
0.0,3.4000000000000004
0.0,3.2
0.0,3.0
0.0,2.8000000000000003
0.0,2.6
0.0,2.4000000000000004
0.0,2.2
0.0,2.0
0.0,1.8
0.0,1.6
0.0,1.4000000000000001
0.0,1.2000000000000002
0.0,1.0
0.0,0.8
0.0,0.6000000000000001
0.2,20.6
0.4,20.6
0.6000000000000001,20.6
0.8,20.8
1.0,20.8
1.2000000000000002,20.8
1.4000000000000001,20.8
1.6,20.8
1.8,20.8
2.0,20.8
2.2,20.8
2.4000000000000004,21.0
2.6,21.0
2.8000000000000003,21.0
3.0,21.0
3.2,21.0
3.4000000000000004,21.0
3.6,21.200000000000003
3.8000000000000003,21.200000000000003
4.0,21.200000000000003
4.2,21.200000000000003
4.4,21.200000000000003
4.6000000000000005,21.200000000000003
4.800000000000001,21.400000000000002
5.0,21.400000000000002
5.2,21.400000000000002
5.4,21.400000000000002
5.6000000000000005,21.6
5.800000000000001,21.6
6.0,21.6
6.2,21.6
6.4,21.6
6.6000000000000005,21.6
6.800000000000001,21.6
7.0,21.8
7.2,21.8
7.4,21.8
7.6000000000000005,21.8
7.800000000000001,21.8
8.0,22.0
8.200000000000001,22.0
8.4,22.0
8.6,22.0
8.8,22.0
9.0,22.0
9.200000000000001,22.200000000000003
9.4,22.200000000000003
9.600000000000001,22.200000000000003
9.8,22.200000000000003
10.0,22.200000000000003
10.200000000000001,22.200000000000003
10.4,22.400000000000002
10.600000000000001,22.400000000000002
10.8,22.400000000000002
11.0,22.400000000000002
11.200000000000001,22.400000000000002
11.4,22.400000000000002
11.600000000000001,22.400000000000002
11.8,22.6
12.0,22.6
12.200000000000001,22.6
12.4,22.6
12.600000000000001,22.6
12.8,22.6
13.0,22.6
13.200000000000001,22.8
13.4,22.8
13.600000000000001,22.8
13.8,22.8
14.0,22.8
14.200000000000001,22.8
14.4,22.8
14.600000000000001,23.0
14.8,23.0
15.0,23.0
15.200000000000001,23.0
15.4,23.0
15.600000000000001,23.0
15.8,23.0
16.0,23.200000000000003
16.2,23.200000000000003
16.400000000000002,23.200000000000003
16.6,23.200000000000003
16.8,23.200000000000003
17.0,23.200000000000003
17.2,23.200000000000003
17.400000000000002,23.200000000000003
17.6,23.400000000000002
17.8,23.400000000000002
18.0,23.400000000000002
18.2,23.400000000000002
18.400000000000002,23.400000000000002
18.6,23.400000000000002
18.8,23.6
19.0,23.6
19.200000000000003,23.6
19.400000000000002,23.6
19.6,23.6
19.8,23.6
20.0,23.6
20.200000000000003,23.6
20.400000000000002,23.6
20.6,23.8
20.8,23.8
21.0,23.8
21.200000000000003,23.8
21.400000000000002,23.8
21.6,23.8
21.8,23.8
22.0,23.8
22.200000000000003,23.8
22.400000000000002,24.0
22.6,24.0
22.8,24.0
23.0,24.0
23.200000000000003,24.0
23.400000000000002,24.0
23.6,24.0
23.8,24.0
24.0,24.0
24.200000000000003,24.0
24.400000000000002,24.0
24.6,24.0
24.8,24.0
25.0,24.200000000000003
25.200000000000003,24.200000000000003
25.400000000000002,24.200000000000003
25.6,24.200000000000003
25.8,24.200000000000003
26.0,24.200000000000003
26.200000000000003,24.200000000000003
26.400000000000002,24.200000000000003
26.6,24.200000000000003
26.8,24.200000000000003
27.0,24.200000000000003
27.200000000000003,24.200000000000003
27.400000000000002,24.200000000000003
27.6,24.400000000000002
27.8,24.400000000000002
28.0,24.400000000000002
28.200000000000003,24.400000000000002
28.400000000000002,24.400000000000002
28.6,24.400000000000002
28.8,24.400000000000002
29.0,24.400000000000002
29.200000000000003,24.400000000000002
29.400000000000002,24.400000000000002
29.6,24.400000000000002
29.8,24.400000000000002
30.0,24.400000000000002
30.200000000000003,24.400000000000002
30.400000000000002,24.400000000000002
30.6,24.400000000000002
30.8,24.400000000000002
31.0,24.400000000000002
31.200000000000003,24.400000000000002
31.400000000000002,24.400000000000002
31.6,24.400000000000002
31.8,24.400000000000002
32.0,24.400000000000002
32.2,24.400000000000002
32.4,24.400000000000002
32.6,24.400000000000002
32.800000000000004,24.400000000000002
33.0,24.400000000000002
33.2,24.400000000000002
33.4,24.400000000000002
33.6,24.400000000000002
33.800000000000004,24.200000000000003
34.0,24.200000000000003
34.2,24.200000000000003
34.4,24.200000000000003
34.6,24.200000000000003
34.800000000000004,24.200000000000003
35.0,24.0
35.2,24.0
35.4,24.0
35.6,24.0
35.800000000000004,23.8
36.0,23.8
36.2,23.8
36.4,23.6
36.6,23.6
36.800000000000004,23.6
37.0,23.400000000000002
37.2,23.400000000000002
37.4,23.400000000000002
37.6,23.200000000000003
37.800000000000004,23.200000000000003
38.0,23.200000000000003
38.2,23.0
38.400000000000006,23.0
38.6,22.8
38.800000000000004,22.8
39.0,22.6
39.2,22.6
39.400000000000006,22.400000000000002
39.6,22.400000000000002
39.800000000000004,22.200000000000003
40.0,22.0
40.2,22.0
40.400000000000006,22.0
40.6,21.8
40.800000000000004,21.6
41.0,21.400000000000002
41.2,21.400000000000002
41.400000000000006,21.200000000000003
41.6,21.200000000000003
41.800000000000004,21.0
42.0,20.8
42.2,20.6
42.400000000000006,20.6
42.6,20.400000000000002
42.800000000000004,20.400000000000002
43.0,20.200000000000003
43.2,20.0
43.400000000000006,19.8
43.6,19.6
43.800000000000004,19.6
44.0,19.6
44.0,19.400000000000002
44.2,19.200000000000003
44.400000000000006,19.200000000000003
44.6,19.0
44.800000000000004,18.8
45.0,18.6
45.2,18.400000000000002
45.400000000000006,18.2
45.6,18.2
45.800000000000004,18.0
46.0,18.0
46.0,17.8
46.2,17.6
46.400000000000006,17.6
46.400000000000006,17.400000000000002
46.6,17.2
46.800000000000004,17.2
47.0,17.0
47.2,16.8
47.400000000000006,16.6
47.6,16.400000000000002
47.800000000000004,16.2
48.0,16.0
48.2,16.0
48.400000000000006,16.0
48.400000000000006,15.8
48.6,15.600000000000001
48.800000000000004,15.600000000000001
48.800000000000004,15.4
49.0,15.200000000000001
49.2,15.200000000000001
49.2,15.0
49.400000000000006,14.8
49.6,14.8
49.800000000000004,14.600000000000001
50.0,14.4
50.2,14.200000000000001
50.400000000000006,14.0
50.6,13.8
50.800000000000004,13.8
51.0,13.600000000000001
51.2,13.600000000000001
51.2,13.4
51.400000000000006,13.200000000000001
51.6,13.200000000000001
51.800000000000004,13.0
52.0,12.8
52.2,12.600000000000001
52.400000000000006,12.4
52.6,12.4
52.800000000000004,12.4
52.800000000000004,12.200000000000001
53.0,12.0
53.2,12.0
53.400000000000006,11.8
53.6,11.600000000000001
53.800000000000004,11.600000000000001
54.0,11.600000000000001
54.0,11.4
54.2,11.200000000000001
54.400000000000006,11.200000000000001
54.6,11.0
54.800000000000004,11.0
55.0,10.8
55.2,10.8
55.400000000000006,10.600000000000001
55.6,10.4
55.800000000000004,10.4
56.0,10.4
56.2,10.200000000000001
56.400000000000006,10.0
56.6,10.0
56.800000000000004,10.0
57.0,9.8
57.2,9.8
57.400000000000006,9.600000000000001
57.6,9.600000000000001
57.800000000000004,9.4
58.0,9.4
58.2,9.4
58.400000000000006,9.200000000000001
58.6,9.200000000000001
58.800000000000004,9.200000000000001
59.0,9.0
59.2,9.0
59.400000000000006,9.0
59.6,8.8
59.800000000000004,8.8
60.0,8.8
60.2,8.6
60.400000000000006,8.6
60.6,8.6
60.800000000000004,8.4
61.0,8.4
61.2,8.4
61.400000000000006,8.200000000000001
61.6,8.200000000000001
61.800000000000004,8.200000000000001
62.0,8.0
62.2,8.0
62.400000000000006,8.0
62.6,8.0
62.800000000000004,8.0
63.0,7.800000000000001
63.2,7.800000000000001
63.400000000000006,7.800000000000001
63.6,7.6000000000000005
63.800000000000004,7.6000000000000005
64.0,7.6000000000000005
64.2,7.6000000000000005
64.4,7.6000000000000005
64.60000000000001,7.4
64.8,7.4
65.0,7.4
65.2,7.2
65.4,7.2
65.60000000000001,7.2
65.8,7.2
66.0,7.2
66.2,7.0
66.4,7.0
66.60000000000001,7.0
66.8,7.0
67.0,7.0
67.2,7.0
67.4,6.800000000000001
67.60000000000001,6.800000000000001
67.8,6.800000000000001
68.0,6.800000000000001
68.2,6.800000000000001
68.4,6.800000000000001
68.60000000000001,6.800000000000001
68.8,6.800000000000001
69.0,6.6000000000000005
69.2,6.6000000000000005
69.4,6.6000000000000005
69.60000000000001,6.6000000000000005
69.8,6.6000000000000005
70.0,6.6000000000000005
70.2,6.6000000000000005
70.4,6.6000000000000005
70.60000000000001,6.4
70.8,6.4
71.0,6.4
71.2,6.4
71.4,6.4
71.60000000000001,6.4
71.8,6.4
72.0,6.4
72.2,6.4
72.4,6.4
72.60000000000001,6.4
72.8,6.4
73.0,6.2
73.2,6.2
73.4,6.2
73.60000000000001,6.2
73.8,6.2
74.0,6.2
74.2,6.2
74.4,6.2
74.60000000000001,6.2
74.8,6.2
75.0,6.2
75.2,6.2
75.4,6.2
75.60000000000001,6.2
75.8,6.2
76.0,6.2
76.2,6.2
76.4,6.2
76.60000000000001,6.2
76.80000000000001,6.2
77.0,6.2
77.2,6.2
77.4,6.2
77.60000000000001,6.2
77.80000000000001,6.2
78.0,6.2
78.2,6.2
78.4,6.2
78.60000000000001,6.2
78.80000000000001,6.2
79.0,6.2
79.2,6.2
79.4,6.2
79.60000000000001,6.2
79.80000000000001,6.2
80.0,6.2
80.2,6.2
80.4,6.4
80.60000000000001,6.4
80.80000000000001,6.4
81.0,6.4
81.2,6.4
81.4,6.4
81.60000000000001,6.4
81.80000000000001,6.4
82.0,6.4
82.2,6.4
82.4,6.4
82.60000000000001,6.4
82.80000000000001,6.4
83.0,6.4
83.2,6.6000000000000005
83.4,6.6000000000000005
83.60000000000001,6.6000000000000005
83.80000000000001,6.6000000000000005
84.0,6.6000000000000005
84.2,6.6000000000000005
84.4,6.800000000000001
84.60000000000001,6.800000000000001
84.80000000000001,6.800000000000001
85.0,6.800000000000001
85.2,6.800000000000001
85.4,6.800000000000001
85.60000000000001,7.0
85.80000000000001,7.0
86.0,7.0
86.2,7.0
86.4,7.2
86.60000000000001,7.2
86.80000000000001,7.2
87.0,7.4
87.2,7.4
87.4,7.4
87.60000000000001,7.6000000000000005
87.80000000000001,7.6000000000000005
88.0,7.6000000000000005
88.2,7.800000000000001
88.4,8.0
88.60000000000001,8.0
88.80000000000001,8.0
89.0,8.200000000000001
89.2,8.4
89.4,8.4
89.60000000000001,8.4
89.80000000000001,8.6
90.0,8.8
90.2,8.8
90.4,8.8
90.60000000000001,9.0
90.80000000000001,9.200000000000001
91.0,9.200000000000001
91.2,9.200000000000001
91.4,9.4
91.60000000000001,9.600000000000001
91.80000000000001,9.600000000000001
92.0,9.8
92.2,9.8
92.4,10.0
92.60000000000001,10.200000000000001
92.80000000000001,10.4
93.0,10.4
93.2,10.600000000000001
93.4,10.600000000000001
93.60000000000001,10.8
93.80000000000001,11.0
94.0,11.200000000000001
94.2,11.200000000000001
94.4,11.4
94.60000000000001,11.4
94.80000000000001,11.600000000000001
95.0,11.8
95.2,12.0
95.4,12.0
95.60000000000001,12.200000000000001
95.80000000000001,12.200000000000001
96.0,12.4
96.2,12.600000000000001
96.4,12.8
96.60000000000001,12.8
96.80000000000001,13.200000000000001
96.80000000000001,13.0
97.0,13.200000000000001
97.2,13.200000000000001
97.4,13.4
97.60000000000001,13.600000000000001
97.80000000000001,13.600000000000001
98.0,14.0
98.0,13.8
98.2,14.0
98.4,14.0
98.60000000000001,14.200000000000001
98.80000000000001,14.4
99.0,14.600000000000001
99.2,14.8
99.4,14.8
99.60000000000001,15.0
99.80000000000001,15.0
100.0,15.200000000000001
100.2,15.4
100.4,15.600000000000001
100.60000000000001,15.600000000000001
100.80000000000001,15.600000000000001
101.0,15.8
101.2,16.0
101.4,16.0
101.60000000000001,16.400000000000002
101.60000000000001,16.2
101.80000000000001,16.400000000000002
102.0,16.400000000000002
102.2,16.6
102.4,16.8
102.60000000000001,16.8
102.80000000000001,17.0
103.0,17.0
103.2,17.2
103.4,17.2
103.60000000000001,17.400000000000002
103.80000000000001,17.400000000000002
104.0,17.6
104.2,17.6
104.4,17.8
104.60000000000001,17.8
104.80000000000001,18.0
105.0,18.0
105.2,18.2
105.4,18.2
105.60000000000001,18.400000000000002
105.80000000000001,18.400000000000002
106.0,18.6
106.2,18.6
106.4,18.8
106.60000000000001,18.8
106.80000000000001,18.8
107.0,18.8
107.2,19.0
107.4,19.0
107.60000000000001,19.200000000000003
107.80000000000001,19.200000000000003
108.0,19.200000000000003
108.2,19.200000000000003
108.4,19.200000000000003
108.60000000000001,19.400000000000002
108.80000000000001,19.400000000000002
109.0,19.400000000000002
109.2,19.400000000000002
109.4,19.400000000000002
109.60000000000001,19.6
109.80000000000001,19.6
110.0,19.6
110.2,19.6
110.4,19.6
110.60000000000001,19.6
110.80000000000001,19.6
111.0,19.6
111.2,19.6
111.4,19.6
111.60000000000001,19.6
111.80000000000001,19.8
112.0,19.8
112.2,19.8
112.4,19.8
112.60000000000001,19.8
112.80000000000001,19.8
113.0,19.8
113.2,19.8
113.4,19.8
113.60000000000001,19.8
113.80000000000001,19.8
114.0,19.8
114.2,19.8
114.4,19.8
114.60000000000001,19.8
114.80000000000001,19.8
115.0,19.8
115.2,19.8
115.4,19.8
115.60000000000001,19.8
115.80000000000001,19.8
116.0,19.8
116.2,19.8
116.4,19.8
116.60000000000001,19.8
116.80000000000001,19.8
117.0,19.8
117.2,19.8
117.4,19.8
117.60000000000001,19.8
117.80000000000001,19.8
118.0,19.8
118.2,19.8
118.4,19.8
118.60000000000001,19.8
118.80000000000001,19.8
119.0,19.8
119.2,19.8
119.4,19.8
119.60000000000001,19.8
119.80000000000001,19.8
120.0,19.8
120.2,19.8
120.4,19.6
120.60000000000001,19.6
120.80000000000001,19.6
121.0,19.6
121.2,19.6
121.4,19.6
121.60000000000001,19.6
121.80000000000001,19.6
122.0,19.6
122.2,19.6
122.4,19.6
122.60000000000001,19.6
122.80000000000001,19.6
123.0,19.6
123.2,19.6
123.4,19.6
123.60000000000001,19.6
123.80000000000001,19.6
124.0,19.6
124.2,19.6
124.4,19.6
124.60000000000001,19.6
124.80000000000001,19.6
125.0,19.6
125.2,19.6
125.4,19.6
125.60000000000001,19.6
125.80000000000001,19.6
126.0,19.6
126.2,19.6
126.4,19.6
126.60000000000001,19.6
126.80000000000001,19.6
127.0,19.6
127.2,19.6
127.4,19.6
127.60000000000001,19.6
127.80000000000001,19.6
128.0,19.6
128.20000000000002,19.6
128.4,19.8
128.6,19.8
128.8,19.8
129.0,19.8
129.20000000000002,19.8
129.4,19.8
129.6,19.8
129.8,19.8
130.0,19.8
130.20000000000002,19.8
130.4,19.8
130.6,19.8
130.8,19.8
131.0,19.8
131.20000000000002,19.8
131.4,19.8
131.6,19.8
131.8,19.8
132.0,20.0
132.20000000000002,20.0
132.4,20.0
132.6,20.0
132.8,20.0
133.0,20.0
133.20000000000002,20.0
133.4,20.0
133.6,20.0
133.8,20.0
134.0,20.0
134.20000000000002,20.200000000000003
134.4,20.200000000000003
134.6,20.200000000000003
134.8,20.200000000000003
135.0,20.200000000000003
135.20000000000002,20.200000000000003
135.4,20.200000000000003
135.6,20.200000000000003
135.8,20.200000000000003
136.0,20.400000000000002
136.20000000000002,20.400000000000002
136.4,20.400000000000002
136.6,20.400000000000002
136.8,20.400000000000002
137.0,20.400000000000002
137.20000000000002,20.400000000000002
137.4,20.400000000000002
137.6,20.400000000000002
137.8,20.6
138.0,20.6
138.20000000000002,20.6
138.4,20.6
138.6,20.6
138.8,20.6
139.0,20.6
139.20000000000002,20.8
139.4,20.8
139.6,20.8
139.8,20.8
140.0,20.8
140.20000000000002,20.8
140.4,20.8
140.6,20.8
140.8,21.0
141.0,21.0
141.20000000000002,21.0
141.4,21.0
141.6,21.0
141.8,21.0
142.0,21.200000000000003
142.20000000000002,21.200000000000003
142.4,21.200000000000003
142.6,21.200000000000003
142.8,21.200000000000003
143.0,21.200000000000003
143.20000000000002,21.200000000000003
143.4,21.400000000000002
143.6,21.400000000000002
143.8,21.400000000000002
144.0,21.400000000000002
144.20000000000002,21.400000000000002
144.4,21.6
144.6,21.6
144.8,21.6
145.0,21.6
145.20000000000002,21.6
145.4,21.6
145.6,21.6
145.8,21.6
146.0,21.8
146.20000000000002,21.8
146.4,21.8
146.6,21.8
146.8,21.8
147.0,21.8
147.20000000000002,21.8
147.4,21.8
147.6,22.0
147.8,22.0
148.0,22.0
148.20000000000002,22.0
148.4,22.0
148.6,22.0
148.8,22.0
149.0,22.0
149.20000000000002,22.0
149.4,22.200000000000003
149.6,22.200000000000003
149.8,22.200000000000003
150.0,22.200000000000003
150.20000000000002,22.200000000000003
150.4,22.200000000000003
150.6,22.200000000000003
150.8,22.200000000000003
151.0,22.200000000000003
151.20000000000002,22.200000000000003
151.4,22.200000000000003
151.6,22.200000000000003
151.8,22.200000000000003
152.0,22.200000000000003
152.20000000000002,22.200000000000003
152.4,22.400000000000002
152.6,22.400000000000002
152.8,22.400000000000002
153.0,22.400000000000002
153.20000000000002,22.400000000000002
153.4,22.400000000000002
153.60000000000002,22.400000000000002
153.8,22.400000000000002
154.0,22.400000000000002
154.20000000000002,22.400000000000002
154.4,22.400000000000002
154.60000000000002,22.400000000000002
154.8,22.400000000000002
155.0,22.400000000000002
155.20000000000002,22.400000000000002
155.4,22.400000000000002
155.60000000000002,22.400000000000002
155.8,22.200000000000003
156.0,22.200000000000003
156.20000000000002,22.200000000000003
156.4,22.200000000000003
156.60000000000002,22.200000000000003
156.8,22.200000000000003
157.0,22.200000000000003
157.20000000000002,22.200000000000003
157.4,22.200000000000003
157.60000000000002,22.200000000000003
157.8,22.200000000000003
158.0,22.200000000000003
158.20000000000002,22.200000000000003
158.4,22.0
158.60000000000002,22.0
158.8,22.0
159.0,22.0
159.20000000000002,22.0
159.4,22.0
159.60000000000002,22.0
159.8,22.0
160.0,22.0
160.20000000000002,21.8
160.4,21.8
160.60000000000002,21.8
160.8,21.8
161.0,21.8
161.20000000000002,21.8
161.4,21.6
161.60000000000002,21.6
161.8,21.6
162.0,21.6
162.20000000000002,21.6
162.4,21.6
162.60000000000002,21.400000000000002
162.8,21.400000000000002
163.0,21.400000000000002
163.20000000000002,21.400000000000002
163.4,21.400000000000002
163.60000000000002,21.400000000000002
163.8,21.200000000000003
164.0,21.200000000000003
164.20000000000002,21.200000000000003
164.4,21.200000000000003
164.60000000000002,21.200000000000003
164.8,21.200000000000003
165.0,21.0
165.20000000000002,21.0
165.4,21.0
165.60000000000002,20.8
165.8,20.8
166.0,20.8
166.20000000000002,20.8
166.4,20.8
166.60000000000002,20.6
166.8,20.6
167.0,20.6
167.20000000000002,20.400000000000002
167.4,20.400000000000002
167.60000000000002,20.400000000000002
167.8,20.200000000000003
168.0,20.200000000000003
168.20000000000002,20.200000000000003
168.4,20.0
168.60000000000002,20.0
168.8,20.0
169.0,19.8
169.20000000000002,19.8
169.4,19.6
169.60000000000002,19.6
169.8,19.6
170.0,19.6
170.20000000000002,19.400000000000002
170.4,19.200000000000003
170.60000000000002,19.200000000000003
170.8,19.200000000000003
171.0,19.0
171.20000000000002,19.0
171.4,18.8
171.60000000000002,18.8
171.8,18.6
172.0,18.6
172.20000000000002,18.6
172.4,18.400000000000002
172.60000000000002,18.400000000000002
172.8,18.400000000000002
173.0,18.2
173.20000000000002,18.0
173.4,18.0
173.60000000000002,18.0
173.8,17.8
174.0,17.8
174.20000000000002,17.6
174.4,17.6
174.60000000000002,17.400000000000002
174.8,17.400000000000002
175.0,17.2
175.20000000000002,17.2
175.4,17.0
175.60000000000002,17.0
175.8,16.8
176.0,16.8
176.20000000000002,16.8
176.4,16.8
176.60000000000002,16.6
176.8,16.400000000000002
177.0,16.400000000000002
177.20000000000002,16.400000000000002
177.4,16.2
177.60000000000002,16.0
177.8,16.0
178.0,16.0
178.20000000000002,15.8
178.4,15.8
178.60000000000002,15.600000000000001
178.8,15.600000000000001
179.0,15.4
179.20000000000002,15.4
179.4,15.4
179.60000000000002,15.200000000000001
179.8,15.200000000000001
180.0,15.200000000000001
180.20000000000002,15.0
180.4,15.0
180.60000000000002,14.8
180.8,14.8
181.0,14.600000000000001
181.20000000000002,14.600000000000001
181.4,14.600000000000001
181.60000000000002,14.4
181.8,14.4
182.0,14.4
182.20000000000002,14.200000000000001
182.4,14.200000000000001
182.60000000000002,14.0
182.8,14.0
183.0,13.8
183.20000000000002,13.8
183.4,13.8
183.60000000000002,13.600000000000001
183.8,13.600000000000001
184.0,13.600000000000001
184.20000000000002,13.4
184.4,13.4
184.60000000000002,13.4
184.8,13.200000000000001
185.0,13.200000000000001
185.20000000000002,13.200000000000001
185.4,13.0
185.60000000000002,13.0
185.8,13.0
186.0,12.8
186.20000000000002,12.8
186.4,12.8
186.60000000000002,12.600000000000001
186.8,12.600000000000001
187.0,12.600000000000001
187.20000000000002,12.4
187.4,12.4
187.60000000000002,12.4
187.8,12.200000000000001
188.0,12.200000000000001
188.20000000000002,12.200000000000001
188.4,12.0
188.60000000000002,12.0
188.8,12.0
189.0,12.0
189.20000000000002,12.0
189.4,11.8
189.60000000000002,11.8
189.8,11.8
190.0,11.600000000000001
190.20000000000002,11.600000000000001
190.4,11.600000000000001
190.60000000000002,11.600000000000001
190.8,11.600000000000001
191.0,11.4
191.20000000000002,11.4
191.4,11.4
191.60000000000002,11.4
191.8,11.4
192.0,11.4
192.20000000000002,11.4
192.4,11.200000000000001
192.60000000000002,11.200000000000001
192.8,11.200000000000001
193.0,11.200000000000001
193.20000000000002,11.200000000000001
193.4,11.200000000000001
193.60000000000002,11.200000000000001
193.60000000000002,11.0
193.60000000000002,10.8
193.60000000000002,10.600000000000001
193.60000000000002,10.4
193.60000000000002,10.200000000000001
193.60000000000002,10.0
193.60000000000002,9.8
193.60000000000002,9.600000000000001
193.60000000000002,9.4
193.60000000000002,9.200000000000001
193.60000000000002,9.0
193.60000000000002,8.8
193.60000000000002,8.6
193.60000000000002,8.4
193.60000000000002,8.200000000000001
193.60000000000002,8.0
193.60000000000002,7.800000000000001
193.60000000000002,7.6000000000000005
193.60000000000002,7.4
193.60000000000002,7.2
193.60000000000002,7.0
193.60000000000002,6.800000000000001
193.60000000000002,6.6000000000000005
193.60000000000002,6.4
193.60000000000002,6.2
193.60000000000002,6.0
193.60000000000002,5.800000000000001
0.0,-12.600000000000001
0.0,-12.4
0.0,-12.200000000000001
0.0,-12.0
0.0,-11.8
0.0,-11.600000000000001
0.0,-11.4
0.0,-11.200000000000001
0.0,-11.0
0.0,-10.8
0.0,-10.600000000000001
0.0,-10.4
0.0,-10.200000000000001
0.0,-10.0
0.0,-9.8
0.0,-9.600000000000001
0.0,-9.4
0.0,-9.200000000000001
0.0,-9.0
0.0,-8.8
0.0,-8.6
0.0,-8.4
0.0,-8.200000000000001
0.0,-8.0
0.0,-7.800000000000001
0.0,-7.6000000000000005
0.0,-7.4
0.0,-7.2
0.0,-7.0
0.0,-6.800000000000001
0.0,-6.6000000000000005
0.0,-6.4
0.0,-6.2
0.0,-6.0
0.0,-5.800000000000001
0.0,-5.6000000000000005
0.0,-5.4
0.0,-5.2
0.0,-5.0
0.0,-4.800000000000001
0.0,-4.6000000000000005
0.0,-4.4
0.0,-4.2
0.0,-4.0
0.0,-3.8000000000000003
0.0,-3.6
0.0,-3.4000000000000004
0.0,-3.2
0.0,-3.0
0.0,-2.8000000000000003
0.0,-2.6
0.0,-2.4000000000000004
0.0,-2.2
0.0,-2.0
0.0,-1.8
0.0,-1.6
0.0,-1.4000000000000001
0.0,-1.2000000000000002
0.0,-1.0
0.0,-0.8
0.0,-0.6000000000000001
0.2,-12.4
0.4,-12.4
0.6000000000000001,-12.4
0.8,-12.4
1.0,-12.4
1.2000000000000002,-12.4
1.4000000000000001,-12.200000000000001
1.6,-12.200000000000001
1.8,-12.200000000000001
2.0,-12.0
2.2,-12.0
2.4000000000000004,-12.0
2.6,-12.0
2.8000000000000003,-12.0
3.0,-11.8
3.2,-11.8
3.4000000000000004,-11.600000000000001
3.6,-11.600000000000001
3.8000000000000003,-11.600000000000001
4.0,-11.600000000000001
4.2,-11.4
4.4,-11.4
4.6000000000000005,-11.200000000000001
4.800000000000001,-11.200000000000001
5.0,-11.200000000000001
5.2,-11.200000000000001
5.4,-11.0
5.6000000000000005,-11.0
5.800000000000001,-10.8
6.0,-10.8
6.2,-10.8
6.4,-10.8
6.6000000000000005,-10.600000000000001
6.800000000000001,-10.600000000000001
7.0,-10.4
7.2,-10.4
7.4,-10.200000000000001
7.6000000000000005,-10.200000000000001
7.800000000000001,-10.200000000000001
8.0,-10.0
8.200000000000001,-10.0
8.4,-10.0
8.6,-9.8
8.8,-9.8
9.0,-9.8
9.200000000000001,-9.600000000000001
9.4,-9.600000000000001
9.600000000000001,-9.600000000000001
9.8,-9.4
10.0,-9.4
10.200000000000001,-9.4
10.4,-9.200000000000001
10.600000000000001,-9.200000000000001
10.8,-9.200000000000001
11.0,-9.0
11.200000000000001,-9.0
11.4,-9.0
11.600000000000001,-8.8
11.8,-8.8
12.0,-8.8
12.200000000000001,-8.6
12.4,-8.6
12.600000000000001,-8.4
12.8,-8.4
13.0,-8.4
13.200000000000001,-8.4
13.4,-8.200000000000001
13.600000000000001,-8.200000000000001
13.8,-8.0
14.0,-8.0
14.200000000000001,-8.0
14.4,-8.0
14.600000000000001,-7.800000000000001
14.8,-7.800000000000001
15.0,-7.800000000000001
15.200000000000001,-7.6000000000000005
15.4,-7.6000000000000005
15.600000000000001,-7.6000000000000005
15.8,-7.4
16.0,-7.4
16.2,-7.4
16.400000000000002,-7.4
16.6,-7.2
16.8,-7.2
17.0,-7.2
17.2,-7.2
17.400000000000002,-7.0
17.6,-7.0
17.8,-7.0
18.0,-7.0
18.2,-7.0
18.400000000000002,-6.800000000000001
18.6,-6.800000000000001
18.8,-6.800000000000001
19.0,-6.800000000000001
19.200000000000003,-6.800000000000001
19.400000000000002,-6.800000000000001
19.6,-6.800000000000001
19.8,-6.6000000000000005
20.0,-6.6000000000000005
20.200000000000003,-6.6000000000000005
20.400000000000002,-6.6000000000000005
20.6,-6.6000000000000005
20.8,-6.6000000000000005
21.0,-6.6000000000000005
21.200000000000003,-6.6000000000000005
21.400000000000002,-6.4
21.6,-6.4
21.8,-6.4
22.0,-6.4
22.200000000000003,-6.4
22.400000000000002,-6.4
22.6,-6.4
22.8,-6.4
23.0,-6.4
23.200000000000003,-6.4
23.400000000000002,-6.4
23.6,-6.4
23.8,-6.4
24.0,-6.4
24.200000000000003,-6.2
24.400000000000002,-6.2
24.6,-6.2
24.8,-6.2
25.0,-6.2
25.200000000000003,-6.2
25.400000000000002,-6.2
25.6,-6.2
25.8,-6.2
26.0,-6.2
26.200000000000003,-6.2
26.400000000000002,-6.2
26.6,-6.2
26.8,-6.2
27.0,-6.2
27.200000000000003,-6.2
27.400000000000002,-6.2
27.6,-6.2
27.8,-6.2
28.0,-6.2
28.200000000000003,-6.2
28.400000000000002,-6.2
28.6,-6.2
28.8,-6.2
29.0,-6.2
29.200000000000003,-6.2
29.400000000000002,-6.2
29.6,-6.2
29.8,-6.2
30.0,-6.2
30.200000000000003,-6.2
30.400000000000002,-6.4
30.6,-6.4
30.8,-6.4
31.0,-6.4
31.200000000000003,-6.4
31.400000000000002,-6.4
31.6,-6.4
31.8,-6.4
32.0,-6.4
32.2,-6.4
32.4,-6.6000000000000005
32.6,-6.6000000000000005
32.800000000000004,-6.6000000000000005
33.0,-6.6000000000000005
33.2,-6.800000000000001
33.4,-6.800000000000001
33.6,-6.800000000000001
33.800000000000004,-6.800000000000001
34.0,-6.800000000000001
34.2,-6.800000000000001
34.4,-7.0
34.6,-7.0
34.800000000000004,-7.0
35.0,-7.0
35.2,-7.2
35.4,-7.2
35.6,-7.2
35.800000000000004,-7.4
36.0,-7.4
36.2,-7.4
36.4,-7.6000000000000005
36.6,-7.6000000000000005
36.800000000000004,-7.800000000000001
37.0,-7.800000000000001
37.2,-8.0
37.4,-8.0
37.6,-8.0
37.800000000000004,-8.200000000000001
38.0,-8.200000000000001
38.2,-8.200000000000001
38.400000000000006,-8.4
38.6,-8.4
38.800000000000004,-8.6
39.0,-8.6
39.2,-8.8
39.400000000000006,-8.8
39.6,-9.0
39.800000000000004,-9.0
40.0,-9.200000000000001
40.2,-9.200000000000001
40.400000000000006,-9.600000000000001
40.400000000000006,-9.4
40.6,-9.600000000000001
40.800000000000004,-9.600000000000001
41.0,-9.8
41.2,-10.0
41.400000000000006,-10.0
41.6,-10.0
41.800000000000004,-10.200000000000001
42.0,-10.4
42.2,-10.4
42.400000000000006,-10.8
42.400000000000006,-10.600000000000001
42.6,-10.8
42.800000000000004,-10.8
43.0,-11.0
43.2,-11.200000000000001
43.400000000000006,-11.200000000000001
43.6,-11.600000000000001
43.6,-11.4
43.800000000000004,-11.600000000000001
44.0,-11.600000000000001
44.2,-11.8
44.400000000000006,-12.0
44.6,-12.0
44.800000000000004,-12.4
44.800000000000004,-12.200000000000001
45.0,-12.4
45.2,-12.4
45.400000000000006,-12.600000000000001
45.6,-12.8
45.800000000000004,-13.0
46.0,-13.200000000000001
46.2,-13.200000000000001
46.400000000000006,-13.600000000000001
46.400000000000006,-13.4
46.6,-13.600000000000001
46.800000000000004,-13.600000000000001
47.0,-13.8
47.2,-14.0
47.400000000000006,-14.200000000000001
47.6,-14.4
47.800000000000004,-14.4
48.0,-14.8
48.0,-14.600000000000001
48.2,-14.8
48.400000000000006,-14.8
48.6,-15.0
48.800000000000004,-15.200000000000001
49.0,-15.200000000000001
49.2,-15.600000000000001
49.2,-15.4
49.400000000000006,-15.600000000000001
49.6,-15.8
49.800000000000004,-15.8
50.0,-16.0
50.2,-16.2
50.400000000000006,-16.400000000000002
50.6,-16.400000000000002
50.800000000000004,-16.6
51.0,-16.6
51.2,-16.8
51.400000000000006,-17.0
51.6,-17.2
51.800000000000004,-17.2
52.0,-17.400000000000002
52.2,-17.400000000000002
52.400000000000006,-17.6
52.6,-17.6
52.800000000000004,-17.8
53.0,-17.8
53.2,-18.0
53.400000000000006,-18.0
53.6,-18.2
53.800000000000004,-18.2
54.0,-18.400000000000002
54.2,-18.400000000000002
54.400000000000006,-18.6
54.6,-18.6
54.800000000000004,-18.8
55.0,-18.8
55.2,-19.0
55.400000000000006,-19.0
55.6,-19.200000000000003
55.800000000000004,-19.200000000000003
56.0,-19.200000000000003
56.2,-19.200000000000003
56.400000000000006,-19.400000000000002
56.6,-19.400000000000002
56.800000000000004,-19.6
57.0,-19.6
57.2,-19.6
57.400000000000006,-19.6
57.6,-19.6
57.800000000000004,-19.8
58.0,-19.8
58.2,-19.8
58.400000000000006,-20.0
58.6,-20.0
58.800000000000004,-20.0
59.0,-20.0
59.2,-20.0
59.400000000000006,-20.200000000000003
59.6,-20.200000000000003
59.800000000000004,-20.200000000000003
60.0,-20.200000000000003
60.2,-20.200000000000003
60.400000000000006,-20.400000000000002
60.6,-20.400000000000002
60.800000000000004,-20.400000000000002
61.0,-20.400000000000002
61.2,-20.400000000000002
61.400000000000006,-20.6
61.6,-20.6
61.800000000000004,-20.6
62.0,-20.6
62.2,-20.6
62.400000000000006,-20.8
62.6,-20.8
62.800000000000004,-20.8
63.0,-20.8
63.2,-20.8
63.400000000000006,-20.8
63.6,-20.8
63.800000000000004,-20.8
64.0,-21.0
64.2,-21.0
64.4,-21.0
64.60000000000001,-21.0
64.8,-21.0
65.0,-21.0
65.2,-21.0
65.4,-21.0
65.60000000000001,-21.200000000000003
65.8,-21.200000000000003
66.0,-21.200000000000003
66.2,-21.200000000000003
66.4,-21.200000000000003
66.60000000000001,-21.200000000000003
66.8,-21.200000000000003
67.0,-21.200000000000003
67.2,-21.200000000000003
67.4,-21.200000000000003
67.60000000000001,-21.400000000000002
67.8,-21.400000000000002
68.0,-21.400000000000002
68.2,-21.400000000000002
68.4,-21.400000000000002
68.60000000000001,-21.400000000000002
68.8,-21.400000000000002
69.0,-21.400000000000002
69.2,-21.400000000000002
69.4,-21.400000000000002
69.60000000000001,-21.400000000000002
69.8,-21.400000000000002
70.0,-21.400000000000002
70.2,-21.400000000000002
70.4,-21.400000000000002
70.60000000000001,-21.400000000000002
70.8,-21.6
71.0,-21.6
71.2,-21.6
71.4,-21.6
71.60000000000001,-21.6
71.8,-21.6
72.0,-21.6
72.2,-21.6
72.4,-21.6
72.60000000000001,-21.6
72.8,-21.6
73.0,-21.6
73.2,-21.6
73.4,-21.6
73.60000000000001,-21.6
73.8,-21.6
74.0,-21.6
74.2,-21.6
74.4,-21.6
74.60000000000001,-21.6
74.8,-21.6
75.0,-21.6
75.2,-21.6
75.4,-21.6
75.60000000000001,-21.6
75.8,-21.6
76.0,-21.6
76.2,-21.6
76.4,-21.6
76.60000000000001,-21.6
76.80000000000001,-21.6
77.0,-21.6
77.2,-21.6
77.4,-21.6
77.60000000000001,-21.6
77.80000000000001,-21.6
78.0,-21.6
78.2,-21.400000000000002
78.4,-21.400000000000002
78.60000000000001,-21.400000000000002
78.80000000000001,-21.400000000000002
79.0,-21.400000000000002
79.2,-21.400000000000002
79.4,-21.400000000000002
79.60000000000001,-21.400000000000002
79.80000000000001,-21.400000000000002
80.0,-21.400000000000002
80.2,-21.400000000000002
80.4,-21.400000000000002
80.60000000000001,-21.400000000000002
80.80000000000001,-21.400000000000002
81.0,-21.400000000000002
81.2,-21.400000000000002
81.4,-21.400000000000002
81.60000000000001,-21.400000000000002
81.80000000000001,-21.400000000000002
82.0,-21.200000000000003
82.2,-21.200000000000003
82.4,-21.200000000000003
82.60000000000001,-21.200000000000003
82.80000000000001,-21.200000000000003
83.0,-21.200000000000003
83.2,-21.200000000000003
83.4,-21.200000000000003
83.60000000000001,-21.200000000000003
83.80000000000001,-21.200000000000003
84.0,-21.200000000000003
84.2,-21.0
84.4,-21.0
84.60000000000001,-21.0
84.80000000000001,-21.0
85.0,-21.0
85.2,-21.0
85.4,-20.8
85.60000000000001,-20.8
85.80000000000001,-20.8
86.0,-20.8
86.2,-20.8
86.4,-20.8
86.60000000000001,-20.6
86.80000000000001,-20.6
87.0,-20.400000000000002
87.2,-20.400000000000002
87.4,-20.400000000000002
87.60000000000001,-20.400000000000002
87.80000000000001,-20.200000000000003
88.0,-20.200000000000003
88.2,-20.200000000000003
88.4,-20.0
88.60000000000001,-20.0
88.80000000000001,-20.0
89.0,-19.8
89.2,-19.8
89.4,-19.6
89.60000000000001,-19.6
89.80000000000001,-19.400000000000002
90.0,-19.400000000000002
90.2,-19.200000000000003
90.4,-19.200000000000003
90.60000000000001,-19.0
90.80000000000001,-19.0
91.0,-18.8
91.2,-18.8
91.4,-18.6
91.60000000000001,-18.6
91.80000000000001,-18.400000000000002
92.0,-18.400000000000002
92.2,-18.2
92.4,-18.2
92.60000000000001,-18.0
92.80000000000001,-18.0
93.0,-17.8
93.2,-17.8
93.4,-17.6
93.60000000000001,-17.6
93.80000000000001,-17.400000000000002
94.0,-17.2
94.2,-17.2
94.4,-17.2
94.60000000000001,-17.0
94.80000000000001,-16.8
95.0,-16.6
95.2,-16.6
95.4,-16.400000000000002
95.60000000000001,-16.400000000000002
95.80000000000001,-16.2
96.0,-16.0
96.2,-16.0
96.4,-16.0
96.60000000000001,-15.8
96.80000000000001,-15.600000000000001
97.0,-15.4
97.2,-15.4
97.4,-15.200000000000001
97.60000000000001,-15.200000000000001
97.80000000000001,-15.0
98.0,-14.8
98.2,-14.8
98.4,-14.8
98.60000000000001,-14.600000000000001
98.80000000000001,-14.4
99.0,-14.200000000000001
99.2,-14.200000000000001
99.4,-14.0
99.60000000000001,-14.0
99.80000000000001,-13.8
100.0,-13.8
100.2,-13.600000000000001
100.4,-13.600000000000001
100.60000000000001,-13.4
100.80000000000001,-13.200000000000001
101.0,-13.200000000000001
101.2,-13.200000000000001
101.4,-13.0
101.60000000000001,-12.8
101.80000000000001,-12.8
102.0,-12.8
102.0,-12.600000000000001
102.2,-12.4
102.4,-12.4
102.60000000000001,-12.200000000000001
102.80000000000001,-12.200000000000001
103.0,-12.0
103.2,-12.0
103.4,-11.8
103.60000000000001,-11.8
103.80000000000001,-11.8
104.0,-11.600000000000001
104.2,-11.600000000000001
104.4,-11.600000000000001
104.60000000000001,-11.4
104.80000000000001,-11.200000000000001
105.0,-11.200000000000001
105.2,-11.200000000000001
105.4,-11.0
105.60000000000001,-11.0
105.80000000000001,-10.8
106.0,-10.8
106.2,-10.8
106.4,-10.8
106.60000000000001,-10.600000000000001
106.80000000000001,-10.600000000000001
107.0,-10.600000000000001
107.2,-10.4
107.4,-10.4
107.60000000000001,-10.4
107.80000000000001,-10.4
108.0,-10.4
108.2,-10.200000000000001
108.4,-10.200000000000001
108.60000000000001,-10.200000000000001
108.80000000000001,-10.0
109.0,-10.0
109.2,-10.0
109.4,-10.0
109.60000000000001,-10.0
109.80000000000001,-10.0
110.0,-10.0
110.2,-9.8
110.4,-9.8
110.60000000000001,-9.8
110.80000000000001,-9.8
111.0,-9.8
111.2,-9.8
111.4,-9.8
111.60000000000001,-9.8
111.80000000000001,-9.8
112.0,-9.8
112.2,-9.8
112.4,-9.8
112.60000000000001,-9.8
112.80000000000001,-9.600000000000001
113.0,-9.600000000000001
113.2,-9.600000000000001
113.4,-9.600000000000001
113.60000000000001,-9.600000000000001
113.80000000000001,-9.600000000000001
114.0,-9.600000000000001
114.2,-9.600000000000001
114.4,-9.600000000000001
114.60000000000001,-9.600000000000001
114.80000000000001,-9.600000000000001
115.0,-9.600000000000001
115.2,-9.600000000000001
115.4,-9.600000000000001
115.60000000000001,-9.600000000000001
115.80000000000001,-9.600000000000001
116.0,-9.600000000000001
116.2,-9.600000000000001
116.4,-9.600000000000001
116.60000000000001,-9.600000000000001
116.80000000000001,-9.600000000000001
117.0,-9.4
117.2,-9.4
117.4,-9.4
117.60000000000001,-9.4
117.80000000000001,-9.4
118.0,-9.4
118.2,-9.4
118.4,-9.4
118.60000000000001,-9.4
118.80000000000001,-9.4
119.0,-9.4
119.2,-9.4
119.4,-9.4
119.60000000000001,-9.4
119.80000000000001,-9.4
120.0,-9.200000000000001
120.2,-9.200000000000001
120.4,-9.200000000000001
120.60000000000001,-9.200000000000001
120.80000000000001,-9.200000000000001
121.0,-9.200000000000001
121.2,-9.200000000000001
121.4,-9.200000000000001
121.60000000000001,-9.200000000000001
121.80000000000001,-9.200000000000001
122.0,-9.200000000000001
122.2,-9.200000000000001
122.4,-9.200000000000001
122.60000000000001,-9.200000000000001
122.80000000000001,-9.200000000000001
123.0,-9.200000000000001
123.2,-9.200000000000001
123.4,-9.200000000000001
123.60000000000001,-9.200000000000001
123.80000000000001,-9.200000000000001
124.0,-9.200000000000001
124.2,-9.0
124.4,-9.0
124.60000000000001,-9.0
124.80000000000001,-9.0
125.0,-9.0
125.2,-9.0
125.4,-9.0
125.60000000000001,-9.0
125.80000000000001,-9.0
126.0,-9.0
126.2,-9.0
126.4,-9.0
126.60000000000001,-9.0
126.80000000000001,-9.0
127.0,-9.0
127.2,-9.0
127.4,-9.0
127.60000000000001,-9.0
127.80000000000001,-9.0
128.0,-9.0
128.20000000000002,-9.0
128.4,-9.0
128.6,-9.0
128.8,-9.0
129.0,-9.0
129.20000000000002,-9.0
129.4,-9.0
129.6,-9.0
129.8,-9.0
130.0,-9.0
130.20000000000002,-9.0
130.4,-9.0
130.6,-9.0
130.8,-9.200000000000001
131.0,-9.200000000000001
131.20000000000002,-9.200000000000001
131.4,-9.200000000000001
131.6,-9.200000000000001
131.8,-9.200000000000001
132.0,-9.200000000000001
132.20000000000002,-9.200000000000001
132.4,-9.200000000000001
132.6,-9.200000000000001
132.8,-9.200000000000001
133.0,-9.200000000000001
133.20000000000002,-9.200000000000001
133.4,-9.200000000000001
133.6,-9.200000000000001
133.8,-9.200000000000001
134.0,-9.200000000000001
134.20000000000002,-9.200000000000001
134.4,-9.200000000000001
134.6,-9.200000000000001
134.8,-9.4
135.0,-9.4
135.20000000000002,-9.4
135.4,-9.4
135.6,-9.4
135.8,-9.4
136.0,-9.4
136.20000000000002,-9.4
136.4,-9.4
136.6,-9.4
136.8,-9.600000000000001
137.0,-9.600000000000001
137.20000000000002,-9.600000000000001
137.4,-9.600000000000001
137.6,-9.600000000000001
137.8,-9.600000000000001
138.0,-9.600000000000001
138.20000000000002,-9.8
138.4,-9.8
138.6,-9.8
138.8,-9.8
139.0,-9.8
139.20000000000002,-9.8
139.4,-9.8
139.6,-10.0
139.8,-10.0
140.0,-10.0
140.20000000000002,-10.0
140.4,-10.0
140.6,-10.0
140.8,-10.200000000000001
141.0,-10.200000000000001
141.20000000000002,-10.200000000000001
141.4,-10.200000000000001
141.6,-10.200000000000001
141.8,-10.200000000000001
142.0,-10.4
142.20000000000002,-10.4
142.4,-10.4
142.6,-10.4
142.8,-10.4
143.0,-10.4
143.20000000000002,-10.4
143.4,-10.4
143.6,-10.4
143.8,-10.600000000000001
144.0,-10.600000000000001
144.20000000000002,-10.600000000000001
144.4,-10.600000000000001
144.6,-10.600000000000001
144.8,-10.600000000000001
145.0,-10.600000000000001
145.20000000000002,-10.600000000000001
145.4,-10.600000000000001
145.6,-10.8
145.8,-10.8
146.0,-10.8
146.20000000000002,-10.8
146.4,-10.8
146.6,-10.8
146.8,-10.8
147.0,-10.8
147.20000000000002,-10.8
147.4,-10.8
147.6,-10.8
147.8,-11.0
148.0,-11.0
148.20000000000002,-11.0
148.4,-11.0
148.6,-11.0
148.8,-11.0
149.0,-11.0
149.20000000000002,-11.0
149.4,-11.0
149.6,-11.0
149.8,-11.0
150.0,-11.0
150.20000000000002,-11.0
150.4,-11.200000000000001
150.6,-11.200000000000001
150.8,-11.200000000000001
151.0,-11.200000000000001
151.20000000000002,-11.200000000000001
151.4,-11.200000000000001
151.6,-11.200000000000001
151.8,-11.200000000000001
152.0,-11.200000000000001
152.20000000000002,-11.200000000000001
152.4,-11.200000000000001
152.6,-11.200000000000001
152.8,-11.200000000000001
153.0,-11.200000000000001
153.20000000000002,-11.200000000000001
153.4,-11.200000000000001
153.60000000000002,-11.200000000000001
153.8,-11.200000000000001
154.0,-11.200000000000001
154.20000000000002,-11.200000000000001
154.4,-11.200000000000001
154.60000000000002,-11.200000000000001
154.8,-11.200000000000001
155.0,-11.200000000000001
155.20000000000002,-11.200000000000001
155.4,-11.200000000000001
155.60000000000002,-11.200000000000001
155.8,-11.200000000000001
156.0,-11.200000000000001
156.20000000000002,-11.200000000000001
156.4,-11.200000000000001
156.60000000000002,-11.200000000000001
156.8,-11.200000000000001
157.0,-11.200000000000001
157.20000000000002,-11.200000000000001
157.4,-11.200000000000001
157.60000000000002,-11.200000000000001
157.8,-11.200000000000001
158.0,-11.200000000000001
158.20000000000002,-11.200000000000001
158.4,-11.200000000000001
158.60000000000002,-11.200000000000001
158.8,-11.200000000000001
159.0,-11.200000000000001
159.20000000000002,-11.200000000000001
159.4,-11.200000000000001
159.60000000000002,-11.200000000000001
159.8,-11.200000000000001
160.0,-11.200000000000001
160.20000000000002,-11.200000000000001
160.4,-11.200000000000001
160.60000000000002,-11.0
160.8,-11.0
161.0,-11.0
161.20000000000002,-11.0
161.4,-11.0
161.60000000000002,-11.0
161.8,-11.0
162.0,-11.0
162.20000000000002,-11.0
162.4,-11.0
162.60000000000002,-11.0
162.8,-11.0
163.0,-11.0
163.20000000000002,-11.0
163.4,-10.8
163.60000000000002,-10.8
163.8,-10.8
164.0,-10.8
164.20000000000002,-10.8
164.4,-10.8
164.60000000000002,-10.8
164.8,-10.8
165.0,-10.8
165.20000000000002,-10.8
165.4,-10.8
165.60000000000002,-10.8
165.8,-10.8
166.0,-10.8
166.20000000000002,-10.8
166.4,-10.8
166.60000000000002,-10.8
166.8,-10.8
167.0,-10.8
167.20000000000002,-10.8
167.4,-10.8
167.60000000000002,-10.8
167.8,-10.8
168.0,-10.8
168.20000000000002,-10.8
168.4,-10.8
168.60000000000002,-10.8
168.8,-10.8
169.0,-10.8
169.20000000000002,-10.8
169.4,-11.0
169.60000000000002,-11.0
169.8,-11.0
170.0,-11.0
170.20000000000002,-11.0
170.4,-11.0
170.60000000000002,-11.0
170.8,-11.200000000000001
171.0,-11.200000000000001
171.20000000000002,-11.200000000000001
171.4,-11.200000000000001
171.60000000000002,-11.200000000000001
171.8,-11.200000000000001
172.0,-11.200000000000001
172.20000000000002,-11.4
172.4,-11.4
172.60000000000002,-11.4
172.8,-11.4
173.0,-11.4
173.20000000000002,-11.600000000000001
173.4,-11.600000000000001
173.60000000000002,-11.600000000000001
173.8,-11.600000000000001
174.0,-11.8
174.20000000000002,-11.8
174.4,-11.8
174.60000000000002,-11.8
174.8,-12.0
175.0,-12.0
175.20000000000002,-12.0
175.4,-12.0
175.60000000000002,-12.200000000000001
175.8,-12.200000000000001
176.0,-12.4
176.20000000000002,-12.4
176.4,-12.4
176.60000000000002,-12.4
176.8,-12.600000000000001
177.0,-12.600000000000001
177.20000000000002,-12.8
177.4,-12.8
177.60000000000002,-12.8
177.8,-12.8
178.0,-13.0
178.20000000000002,-13.0
178.4,-13.200000000000001
178.60000000000002,-13.200000000000001
178.8,-13.200000000000001
179.0,-13.4
179.20000000000002,-13.4
179.4,-13.4
179.60000000000002,-13.600000000000001
179.8,-13.600000000000001
180.0,-13.8
180.20000000000002,-13.8
180.4,-14.0
180.60000000000002,-14.0
180.8,-14.0
181.0,-14.0
181.20000000000002,-14.200000000000001
181.4,-14.200000000000001
181.60000000000002,-14.4
181.8,-14.4
182.0,-14.4
182.20000000000002,-14.600000000000001
182.4,-14.600000000000001
182.60000000000002,-14.600000000000001
182.8,-14.8
183.0,-14.8
183.20000000000002,-15.0
183.4,-15.0
183.60000000000002,-15.200000000000001
183.8,-15.200000000000001
184.0,-15.200000000000001
184.20000000000002,-15.200000000000001
184.4,-15.4
184.60000000000002,-15.4
184.8,-15.600000000000001
185.0,-15.600000000000001
185.20000000000002,-15.600000000000001
185.4,-15.8
185.60000000000002,-15.8
185.8,-15.8
186.0,-16.0
186.20000000000002,-16.0
186.4,-16.2
186.60000000000002,-16.2
186.8,-16.400000000000002
187.0,-16.400000000000002
187.20000000000002,-16.400000000000002
187.4,-16.400000000000002
187.60000000000002,-16.6
187.8,-16.6
188.0,-16.8
188.20000000000002,-16.8
188.4,-16.8
188.60000000000002,-17.0
188.8,-17.0
189.0,-17.0
189.20000000000002,-17.2
189.4,-17.2
189.60000000000002,-17.400000000000002
189.8,-17.400000000000002
190.0,-17.6
190.20000000000002,-17.6
190.4,-17.6
190.60000000000002,-17.6
190.8,-17.6
191.0,-17.8
191.20000000000002,-17.8
191.4,-17.8
191.60000000000002,-18.0
191.8,-18.0
192.0,-18.0
192.20000000000002,-18.0
192.4,-18.2
192.60000000000002,-18.2
192.8,-18.2
193.0,-18.2
193.20000000000002,-18.400000000000002
193.4,-18.400000000000002
193.60000000000002,-18.400000000000002
193.60000000000002,-18.2
193.60000000000002,-18.0
193.60000000000002,-17.8
193.60000000000002,-17.6
193.60000000000002,-17.400000000000002
193.60000000000002,-17.2
193.60000000000002,-17.0
193.60000000000002,-16.8
193.60000000000002,-16.6
193.60000000000002,-16.400000000000002
193.60000000000002,-16.2
193.60000000000002,-16.0
193.60000000000002,-15.8
193.60000000000002,-15.600000000000001
193.60000000000002,-15.4
193.60000000000002,-15.200000000000001
193.60000000000002,-15.0
193.60000000000002,-14.8
193.60000000000002,-14.600000000000001
193.60000000000002,-14.4
193.60000000000002,-14.200000000000001
193.60000000000002,-14.0
193.60000000000002,-13.8
193.60000000000002,-13.600000000000001
193.60000000000002,-13.4
193.60000000000002,-13.200000000000001
193.60000000000002,-13.0
193.60000000000002,-12.8
193.60000000000002,-12.600000000000001
193.60000000000002,-12.4
193.60000000000002,-12.200000000000001
193.60000000000002,-12.0
193.60000000000002,-11.8
193.60000000000002,-11.600000000000001
193.60000000000002,-11.4
193.60000000000002,-11.200000000000001
193.60000000000002,-11.0
193.60000000000002,-10.8
193.60000000000002,-10.600000000000001
193.60000000000002,-10.4
193.60000000000002,-10.200000000000001
193.60000000000002,-10.0
193.60000000000002,-9.8
193.60000000000002,-9.600000000000001
193.60000000000002,-9.4
0.0,34.4
0.2,34.4
0.4,34.4
0.6000000000000001,34.4
0.8,34.4
1.0,34.4
1.2000000000000002,34.4
1.4000000000000001,34.4
1.6,34.4
1.8,34.4
2.0,34.4
2.2,34.4
2.4000000000000004,34.4
2.6,34.4
2.8000000000000003,34.4
3.0,34.4
3.2,34.4
3.4000000000000004,34.4
3.6,34.4
3.8000000000000003,34.4
4.0,34.4
4.2,34.4
4.4,34.4
4.6000000000000005,34.4
4.800000000000001,34.4
5.0,34.4
5.2,34.4
5.4,34.4
5.6000000000000005,34.4
5.800000000000001,34.4
6.0,34.4
6.2,34.4
6.4,34.4
6.6000000000000005,34.4
6.800000000000001,34.4
7.0,34.4
7.2,34.4
7.4,34.4
7.6000000000000005,34.4
7.800000000000001,34.4
8.0,34.4
8.200000000000001,34.4
8.4,34.4
8.6,34.4
8.8,34.4
9.0,34.4
9.200000000000001,34.4
9.4,34.4
9.600000000000001,34.4
9.8,34.4
10.0,34.4
10.200000000000001,34.4
10.4,34.4
10.600000000000001,34.4
10.8,34.4
11.0,34.4
11.200000000000001,34.4
11.4,34.4
11.600000000000001,34.4
11.8,34.4
12.0,34.4
12.200000000000001,34.4
12.4,34.4
12.600000000000001,34.4
12.8,34.4
13.0,34.4
13.200000000000001,34.4
13.4,34.4
13.600000000000001,34.4
13.8,34.4
14.0,34.4
14.200000000000001,34.4
14.4,34.4
14.600000000000001,34.4
14.8,34.4
15.0,34.4
15.200000000000001,34.4
15.4,34.4
15.600000000000001,34.4
15.8,34.4
16.0,34.4
16.2,34.4
16.400000000000002,34.4
16.6,34.4
16.8,34.4
17.0,34.4
17.2,34.4
17.400000000000002,34.4
17.6,34.4
17.8,34.4
18.0,34.4
18.2,34.4
18.400000000000002,34.4
18.6,34.4
18.8,34.4
19.0,34.4
19.200000000000003,34.4
19.400000000000002,34.4
19.6,34.4
19.8,34.4
20.0,34.4
20.200000000000003,34.4
20.400000000000002,34.4
20.6,34.4
20.8,34.4
21.0,34.4
21.200000000000003,34.4
21.400000000000002,34.4
21.6,34.4
21.8,34.4
22.0,34.4
22.200000000000003,34.4
22.400000000000002,34.4
22.6,34.4
22.8,34.4
23.0,34.4
23.200000000000003,34.4
23.400000000000002,34.4
23.6,34.4
23.8,34.4
24.0,34.4
24.200000000000003,34.4
24.400000000000002,34.4
24.6,34.4
24.8,34.4
25.0,34.4
25.200000000000003,34.4
25.400000000000002,34.4
25.6,34.4
25.8,34.4
26.0,34.4
26.200000000000003,34.4
26.400000000000002,34.4
26.6,34.4
26.8,34.4
27.0,34.4
27.200000000000003,34.4
27.400000000000002,34.4
27.6,34.4
27.8,34.4
28.0,34.4
28.200000000000003,34.4
28.400000000000002,34.4
28.6,34.4
28.8,34.4
29.0,34.4
29.200000000000003,34.4
29.400000000000002,34.4
29.6,34.4
29.8,34.4
30.0,34.4
30.200000000000003,34.4
30.400000000000002,34.4
30.6,34.4
30.8,34.4
31.0,34.4
31.200000000000003,34.4
31.400000000000002,34.4
31.6,34.4
31.8,34.4
32.0,34.4
32.2,34.4
32.4,34.4
32.6,34.4
32.800000000000004,34.4
33.0,34.4
33.2,34.4
33.4,34.4
33.6,34.4
33.800000000000004,34.4
34.0,34.4
34.2,34.4
34.4,34.4
34.6,34.4
34.800000000000004,34.4
35.0,34.4
35.2,34.4
35.4,34.4
35.6,34.4
35.800000000000004,34.4
36.0,34.4
36.2,34.4
36.4,34.4
36.6,34.4
36.800000000000004,34.4
37.0,34.4
37.2,34.4
37.4,34.4
37.6,34.4
37.800000000000004,34.4
38.0,34.4
38.2,34.4
38.400000000000006,34.4
38.6,34.4
38.800000000000004,34.4
39.0,34.4
39.2,34.4
39.400000000000006,34.4
39.6,34.4
39.800000000000004,34.4
40.0,34.4
40.2,34.4
40.400000000000006,34.4
40.6,34.4
40.800000000000004,34.4
41.0,34.4
41.2,34.4
41.400000000000006,34.4
41.6,34.4
41.800000000000004,34.4
42.0,34.4
42.2,34.4
42.400000000000006,34.4
42.6,34.4
42.800000000000004,34.4
43.0,34.4
43.2,34.4
43.400000000000006,34.4
43.6,34.4
43.800000000000004,34.4
44.0,34.4
44.2,34.4
44.400000000000006,34.4
44.6,34.4
44.800000000000004,34.4
45.0,34.4
45.2,34.4
45.400000000000006,34.4
45.6,34.4
45.800000000000004,34.4
46.0,34.4
46.2,34.4
46.400000000000006,34.4
46.6,34.4
46.800000000000004,34.4
47.0,34.4
47.2,34.4
47.400000000000006,34.4
47.6,34.4
47.800000000000004,34.4
48.0,34.4
48.2,34.4
48.400000000000006,34.4
48.6,34.4
48.800000000000004,34.4
49.0,34.4
49.2,34.4
49.400000000000006,34.4
49.6,34.4
49.800000000000004,34.4
50.0,34.4
50.2,34.4
50.400000000000006,34.4
50.6,34.4
50.800000000000004,34.4
51.0,34.4
51.2,34.4
51.400000000000006,34.4
51.6,34.4
51.800000000000004,34.4
52.0,34.4
52.2,34.4
52.400000000000006,34.4
52.6,34.4
52.800000000000004,34.4
53.0,34.4
53.2,34.4
53.400000000000006,34.4
53.6,34.4
53.800000000000004,34.4
54.0,34.4
54.2,34.4
54.400000000000006,34.4
54.6,34.4
54.800000000000004,34.4
55.0,34.4
55.2,34.4
55.400000000000006,34.4
55.6,34.4
55.800000000000004,34.4
56.0,34.4
56.2,34.4
56.400000000000006,34.4
56.6,34.4
56.800000000000004,34.4
57.0,34.4
57.2,34.4
57.400000000000006,34.4
57.6,34.4
57.800000000000004,34.4
58.0,34.4
58.2,34.4
58.400000000000006,34.4
58.6,34.4
58.800000000000004,34.4
59.0,34.4
59.2,34.4
59.400000000000006,34.4
59.6,34.4
59.800000000000004,34.4
60.0,34.4
60.2,34.4
60.400000000000006,34.4
60.6,34.4
60.800000000000004,34.4
61.0,34.4
61.2,34.4
61.400000000000006,34.4
61.6,34.4
61.800000000000004,34.4
62.0,34.4
62.2,34.4
62.400000000000006,34.4
62.6,34.4
62.800000000000004,34.4
63.0,34.4
63.2,34.4
63.400000000000006,34.4
63.6,34.4
63.800000000000004,34.4
64.0,34.4
64.2,34.4
64.4,34.4
64.60000000000001,34.4
64.8,34.4
65.0,34.4
65.2,34.4
65.4,34.4
65.60000000000001,34.4
65.8,34.4
66.0,34.4
66.2,34.4
66.4,34.4
66.60000000000001,34.4
66.8,34.4
67.0,34.4
67.2,34.4
67.4,34.4
67.60000000000001,34.4
67.8,34.4
68.0,34.4
68.2,34.4
68.4,34.4
68.60000000000001,34.4
68.8,34.4
69.0,34.4
69.2,34.4
69.4,34.4
69.60000000000001,34.4
69.8,34.4
70.0,34.4
70.2,34.4
70.4,34.4
70.60000000000001,34.4
70.8,34.4
71.0,34.4
71.2,34.4
71.4,34.4
71.60000000000001,34.4
71.8,34.4
72.0,34.4
72.2,34.4
72.4,34.4
72.60000000000001,34.4
72.8,34.4
73.0,34.4
73.2,34.4
73.4,34.4
73.60000000000001,34.4
73.8,34.4
74.0,34.4
74.2,34.4
74.4,34.4
74.60000000000001,34.4
74.8,34.4
75.0,34.4
75.2,34.4
75.4,34.4
75.60000000000001,34.4
75.8,34.4
76.0,34.4
76.2,34.4
76.4,34.4
76.60000000000001,34.4
76.80000000000001,34.4
77.0,34.4
77.2,34.4
77.4,34.4
77.60000000000001,34.4
77.80000000000001,34.4
78.0,34.4
78.2,34.4
78.4,34.4
78.60000000000001,34.4
78.80000000000001,34.4
79.0,34.4
79.2,34.4
79.4,34.4
79.60000000000001,34.4
79.80000000000001,34.4
80.0,34.4
80.2,34.4
80.4,34.4
80.60000000000001,34.4
80.80000000000001,34.4
81.0,34.4
81.2,34.4
81.4,34.4
81.60000000000001,34.4
81.80000000000001,34.4
82.0,34.4
82.2,34.4
82.4,34.4
82.60000000000001,34.4
82.80000000000001,34.4
83.0,34.4
83.2,34.4
83.4,34.4
83.60000000000001,34.4
83.80000000000001,34.4
84.0,34.4
84.2,34.4
84.4,34.4
84.60000000000001,34.4
84.80000000000001,34.4
85.0,34.4
85.2,34.4
85.4,34.4
85.60000000000001,34.4
85.80000000000001,34.4
86.0,34.4
86.2,34.4
86.4,34.4
86.60000000000001,34.4
86.80000000000001,34.4
87.0,34.4
87.2,34.4
87.4,34.4
87.60000000000001,34.4
87.80000000000001,34.4
88.0,34.4
88.2,34.4
88.4,34.4
88.60000000000001,34.4
88.80000000000001,34.4
89.0,34.4
89.2,34.4
89.4,34.4
89.60000000000001,34.4
89.80000000000001,34.4
90.0,34.4
90.2,34.4
90.4,34.4
90.60000000000001,34.4
90.80000000000001,34.4
91.0,34.4
91.2,34.4
91.4,34.4
91.60000000000001,34.4
91.80000000000001,34.4
92.0,34.4
92.2,34.4
92.4,34.4
92.60000000000001,34.4
92.80000000000001,34.4
93.0,34.4
93.2,34.4
93.4,34.4
93.60000000000001,34.4
93.80000000000001,34.4
94.0,34.4
94.2,34.4
94.4,34.4
94.60000000000001,34.4
94.80000000000001,34.4
95.0,34.4
95.2,34.4
95.4,34.4
95.60000000000001,34.4
95.80000000000001,34.4
96.0,34.4
96.2,34.4
96.4,34.4
96.60000000000001,34.4
96.80000000000001,34.4
97.0,34.4
97.2,34.4
97.4,34.4
97.60000000000001,34.4
97.80000000000001,34.4
98.0,34.4
98.2,34.4
98.4,34.4
98.60000000000001,34.4
98.80000000000001,34.4
99.0,34.4
99.2,34.4
99.4,34.4
99.60000000000001,34.4
99.80000000000001,34.4
100.0,34.4
100.2,34.4
100.4,34.4
100.60000000000001,34.4
100.80000000000001,34.4
101.0,34.4
101.2,34.4
101.4,34.4
101.60000000000001,34.4
101.80000000000001,34.4
102.0,34.4
102.2,34.4
102.4,34.4
102.60000000000001,34.4
102.80000000000001,34.4
103.0,34.4
103.2,34.4
103.4,34.4
103.60000000000001,34.4
103.80000000000001,34.4
104.0,34.4
104.2,34.4
104.4,34.4
104.60000000000001,34.4
104.80000000000001,34.4
105.0,34.4
105.2,34.4
105.4,34.4
105.60000000000001,34.4
105.80000000000001,34.4
106.0,34.4
106.2,34.4
106.4,34.4
106.60000000000001,34.4
106.80000000000001,34.4
107.0,34.4
107.2,34.4
107.4,34.4
107.60000000000001,34.4
107.80000000000001,34.4
108.0,34.4
108.2,34.4
108.4,34.4
108.60000000000001,34.4
108.80000000000001,34.4
109.0,34.4
109.2,34.4
109.4,34.4
109.60000000000001,34.4
109.80000000000001,34.4
110.0,34.4
110.2,34.4
110.4,34.4
110.60000000000001,34.4
110.80000000000001,34.4
111.0,34.4
111.2,34.4
111.4,34.4
111.60000000000001,34.4
111.80000000000001,34.4
112.0,34.4
112.2,34.4
112.4,34.4
112.60000000000001,34.4
112.80000000000001,34.4
113.0,34.4
113.2,34.4
113.4,34.4
113.60000000000001,34.4
113.80000000000001,34.4
114.0,34.4
114.2,34.4
114.4,34.4
114.60000000000001,34.4
114.80000000000001,34.4
115.0,34.4
115.2,34.4
115.4,34.4
115.60000000000001,34.4
115.80000000000001,34.4
116.0,34.4
116.2,34.4
116.4,34.4
116.60000000000001,34.4
116.80000000000001,34.4
117.0,34.4
117.2,34.4
117.4,34.4
117.60000000000001,34.4
117.80000000000001,34.4
118.0,34.4
118.2,34.4
118.4,34.4
118.60000000000001,34.4
118.80000000000001,34.4
119.0,34.4
119.2,34.4
119.4,34.4
119.60000000000001,34.4
119.80000000000001,34.4
120.0,34.4
120.2,34.4
120.4,34.4
120.60000000000001,34.4
120.80000000000001,34.4
121.0,34.4
121.2,34.4
121.4,34.4
121.60000000000001,34.4
121.80000000000001,34.4
122.0,34.4
122.2,34.4
122.4,34.4
122.60000000000001,34.4
122.80000000000001,34.4
123.0,34.4
123.2,34.4
123.4,34.4
123.60000000000001,34.4
123.80000000000001,34.4
124.0,34.4
124.2,34.4
124.4,34.4
124.60000000000001,34.4
124.80000000000001,34.4
125.0,34.4
125.2,34.4
125.4,34.4
125.60000000000001,34.4
125.80000000000001,34.4
126.0,34.4
126.2,34.4
126.4,34.4
126.60000000000001,34.4
126.80000000000001,34.4
127.0,34.4
127.2,34.4
127.4,34.4
127.60000000000001,34.4
127.80000000000001,34.4
128.0,34.4
128.20000000000002,34.4
128.4,34.4
128.6,34.4
128.8,34.4
129.0,34.4
129.20000000000002,34.4
129.4,34.4
129.6,34.4
129.8,34.4
130.0,34.4
130.20000000000002,34.4
130.4,34.4
130.6,34.4
130.8,34.4
131.0,34.4
131.20000000000002,34.4
131.4,34.4
131.6,34.4
131.8,34.4
132.0,34.4
132.20000000000002,34.4
132.4,34.4
132.6,34.4
132.8,34.4
133.0,34.4
133.20000000000002,34.4
133.4,34.4
133.6,34.4
133.8,34.4
134.0,34.4
134.20000000000002,34.4
134.4,34.4
134.6,34.4
134.8,34.4
135.0,34.4
135.20000000000002,34.4
135.4,34.4
135.6,34.4
135.8,34.4
136.0,34.4
136.20000000000002,34.4
136.4,34.4
136.6,34.4
136.8,34.4
137.0,34.4
137.20000000000002,34.4
137.4,34.4
137.6,34.4
137.8,34.4
138.0,34.4
138.20000000000002,34.4
138.4,34.4
138.6,34.4
138.8,34.4
139.0,34.4
139.20000000000002,34.4
139.4,34.4
139.6,34.4
139.8,34.4
140.0,34.4
140.20000000000002,34.4
140.4,34.4
140.6,34.4
140.8,34.4
141.0,34.4
141.20000000000002,34.4
141.4,34.4
141.6,34.4
141.8,34.4
142.0,34.4
142.20000000000002,34.4
142.4,34.4
142.6,34.4
142.8,34.4
143.0,34.4
143.20000000000002,34.4
143.4,34.4
143.6,34.4
143.8,34.4
144.0,34.4
144.20000000000002,34.4
144.4,34.4
144.6,34.4
144.8,34.4
145.0,34.4
145.20000000000002,34.4
145.4,34.4
145.6,34.4
145.8,34.4
146.0,34.4
146.20000000000002,34.4
146.4,34.4
146.6,34.4
146.8,34.4
147.0,34.4
147.20000000000002,34.4
147.4,34.4
147.6,34.4
147.8,34.4
148.0,34.4
148.20000000000002,34.4
148.4,34.4
148.6,34.4
148.8,34.4
149.0,34.4
149.20000000000002,34.4
149.4,34.4
149.6,34.4
149.8,34.4
150.0,34.4
150.20000000000002,34.4
150.4,34.4
150.6,34.4
150.8,34.4
151.0,34.4
151.20000000000002,34.4
151.4,34.4
151.6,34.4
151.8,34.4
152.0,34.4
152.20000000000002,34.4
152.4,34.4
152.6,34.4
152.8,34.4
153.0,34.4
153.20000000000002,34.4
153.4,34.4
153.60000000000002,34.4
153.8,34.4
154.0,34.4
154.20000000000002,34.4
154.4,34.4
154.60000000000002,34.4
154.8,34.4
155.0,34.4
155.20000000000002,34.4
155.4,34.4
155.60000000000002,34.4
155.8,34.4
156.0,34.4
156.20000000000002,34.4
156.4,34.4
156.60000000000002,34.4
156.8,34.4
157.0,34.4
157.20000000000002,34.4
157.4,34.4
157.60000000000002,34.4
157.8,34.4
158.0,34.4
158.20000000000002,34.4
158.4,34.4
158.60000000000002,34.4
158.8,34.4
159.0,34.4
159.20000000000002,34.4
159.4,34.4
159.60000000000002,34.4
159.8,34.4
160.0,34.4
160.20000000000002,34.4
160.4,34.4
160.60000000000002,34.4
160.8,34.4
161.0,34.4
161.20000000000002,34.4
161.4,34.4
161.60000000000002,34.4
161.8,34.4
162.0,34.4
162.20000000000002,34.4
162.4,34.4
162.60000000000002,34.4
162.8,34.4
163.0,34.4
163.20000000000002,34.4
163.4,34.4
163.60000000000002,34.4
163.8,34.4
164.0,34.4
164.20000000000002,34.4
164.4,34.4
164.60000000000002,34.4
164.8,34.4
165.0,34.4
165.20000000000002,34.4
165.4,34.4
165.60000000000002,34.4
165.8,34.4
166.0,34.4
166.20000000000002,34.4
166.4,34.4
166.60000000000002,34.4
166.8,34.4
167.0,34.4
167.20000000000002,34.4
167.4,34.4
167.60000000000002,34.4
167.8,34.4
168.0,34.4
168.20000000000002,34.4
168.4,34.4
168.60000000000002,34.4
168.8,34.4
169.0,34.4
169.20000000000002,34.4
169.4,34.4
169.60000000000002,34.4
169.8,34.4
170.0,34.4
170.20000000000002,34.4
170.4,34.4
170.60000000000002,34.4
170.8,34.4
171.0,34.4
171.20000000000002,34.4
171.4,34.4
171.60000000000002,34.4
171.8,34.4
172.0,34.4
172.20000000000002,34.4
172.4,34.4
172.60000000000002,34.4
172.8,34.4
173.0,34.4
173.20000000000002,34.4
173.4,34.4
173.60000000000002,34.4
173.8,34.4
174.0,34.4
174.20000000000002,34.4
174.4,34.4
174.60000000000002,34.4
174.8,34.4
175.0,34.4
175.20000000000002,34.4
175.4,34.4
175.60000000000002,34.4
175.8,34.4
176.0,34.4
176.20000000000002,34.4
176.4,34.4
176.60000000000002,34.4
176.8,34.4
177.0,34.4
177.20000000000002,34.4
177.4,34.4
177.60000000000002,34.4
177.8,34.4
178.0,34.4
178.20000000000002,34.4
178.4,34.4
178.60000000000002,34.4
178.8,34.4
179.0,34.4
179.20000000000002,34.4
179.4,34.4
179.60000000000002,34.4
179.8,34.4
180.0,34.4
180.20000000000002,34.4
180.4,34.4
180.60000000000002,34.4
180.8,34.4
181.0,34.4
181.20000000000002,34.4
181.4,34.4
181.60000000000002,34.4
181.8,34.4
182.0,34.4
182.20000000000002,34.4
182.4,34.4
182.60000000000002,34.4
182.8,34.4
183.0,34.4
183.20000000000002,34.4
183.4,34.4
183.60000000000002,34.4
183.8,34.4
184.0,34.4
184.20000000000002,34.4
184.4,34.4
184.60000000000002,34.4
184.8,34.4
185.0,34.4
185.20000000000002,34.4
185.4,34.4
185.60000000000002,34.4
185.8,34.4
186.0,34.4
186.20000000000002,34.4
186.4,34.4
186.60000000000002,34.4
186.8,34.4
187.0,34.4
187.20000000000002,34.4
187.4,34.4
187.60000000000002,34.4
187.8,34.4
188.0,34.4
188.20000000000002,34.4
188.4,34.4
188.60000000000002,34.4
188.8,34.4
189.0,34.4
189.20000000000002,34.4
189.4,34.4
189.60000000000002,34.4
189.8,34.4
190.0,34.4
190.20000000000002,34.4
190.4,34.4
190.60000000000002,34.4
190.8,34.4
191.0,34.4
191.20000000000002,34.4
191.4,34.4
191.60000000000002,34.4
191.8,34.4
192.0,34.4
192.20000000000002,34.4
192.4,34.4
192.60000000000002,34.4
192.8,34.4
193.0,34.4
193.20000000000002,34.4
193.4,34.4
193.60000000000002,34.4
0.0,-31.6
0.2,-31.6
0.4,-31.6
0.6000000000000001,-31.6
0.8,-31.6
1.0,-31.6
1.2000000000000002,-31.6
1.4000000000000001,-31.6
1.6,-31.6
1.8,-31.6
2.0,-31.6
2.2,-31.6
2.4000000000000004,-31.6
2.6,-31.6
2.8000000000000003,-31.6
3.0,-31.6
3.2,-31.6
3.4000000000000004,-31.6
3.6,-31.6
3.8000000000000003,-31.6
4.0,-31.6
4.2,-31.6
4.4,-31.6
4.6000000000000005,-31.6
4.800000000000001,-31.6
5.0,-31.6
5.2,-31.6
5.4,-31.6
5.6000000000000005,-31.6
5.800000000000001,-31.6
6.0,-31.6
6.2,-31.6
6.4,-31.6
6.6000000000000005,-31.6
6.800000000000001,-31.6
7.0,-31.6
7.2,-31.6
7.4,-31.6
7.6000000000000005,-31.6
7.800000000000001,-31.6
8.0,-31.6
8.200000000000001,-31.6
8.4,-31.6
8.6,-31.6
8.8,-31.6
9.0,-31.6
9.200000000000001,-31.6
9.4,-31.6
9.600000000000001,-31.6
9.8,-31.6
10.0,-31.6
10.200000000000001,-31.6
10.4,-31.6
10.600000000000001,-31.6
10.8,-31.6
11.0,-31.6
11.200000000000001,-31.6
11.4,-31.6
11.600000000000001,-31.6
11.8,-31.6
12.0,-31.6
12.200000000000001,-31.6
12.4,-31.6
12.600000000000001,-31.6
12.8,-31.6
13.0,-31.6
13.200000000000001,-31.6
13.4,-31.6
13.600000000000001,-31.6
13.8,-31.6
14.0,-31.6
14.200000000000001,-31.6
14.4,-31.6
14.600000000000001,-31.6
14.8,-31.6
15.0,-31.6
15.200000000000001,-31.6
15.4,-31.6
15.600000000000001,-31.6
15.8,-31.6
16.0,-31.6
16.2,-31.6
16.400000000000002,-31.6
16.6,-31.6
16.8,-31.6
17.0,-31.6
17.2,-31.6
17.400000000000002,-31.6
17.6,-31.6
17.8,-31.6
18.0,-31.6
18.2,-31.6
18.400000000000002,-31.6
18.6,-31.6
18.8,-31.6
19.0,-31.6
19.200000000000003,-31.6
19.400000000000002,-31.6
19.6,-31.6
19.8,-31.6
20.0,-31.6
20.200000000000003,-31.6
20.400000000000002,-31.6
20.6,-31.6
20.8,-31.6
21.0,-31.6
21.200000000000003,-31.6
21.400000000000002,-31.6
21.6,-31.6
21.8,-31.6
22.0,-31.6
22.200000000000003,-31.6
22.400000000000002,-31.6
22.6,-31.6
22.8,-31.6
23.0,-31.6
23.200000000000003,-31.6
23.400000000000002,-31.6
23.6,-31.6
23.8,-31.6
24.0,-31.6
24.200000000000003,-31.6
24.400000000000002,-31.6
24.6,-31.6
24.8,-31.6
25.0,-31.6
25.200000000000003,-31.6
25.400000000000002,-31.6
25.6,-31.6
25.8,-31.6
26.0,-31.6
26.200000000000003,-31.6
26.400000000000002,-31.6
26.6,-31.6
26.8,-31.6
27.0,-31.6
27.200000000000003,-31.6
27.400000000000002,-31.6
27.6,-31.6
27.8,-31.6
28.0,-31.6
28.200000000000003,-31.6
28.400000000000002,-31.6
28.6,-31.6
28.8,-31.6
29.0,-31.6
29.200000000000003,-31.6
29.400000000000002,-31.6
29.6,-31.6
29.8,-31.6
30.0,-31.6
30.200000000000003,-31.6
30.400000000000002,-31.6
30.6,-31.6
30.8,-31.6
31.0,-31.6
31.200000000000003,-31.6
31.400000000000002,-31.6
31.6,-31.6
31.8,-31.6
32.0,-31.6
32.2,-31.6
32.4,-31.6
32.6,-31.6
32.800000000000004,-31.6
33.0,-31.6
33.2,-31.6
33.4,-31.6
33.6,-31.6
33.800000000000004,-31.6
34.0,-31.6
34.2,-31.6
34.4,-31.6
34.6,-31.6
34.800000000000004,-31.6
35.0,-31.6
35.2,-31.6
35.4,-31.6
35.6,-31.6
35.800000000000004,-31.6
36.0,-31.6
36.2,-31.6
36.4,-31.6
36.6,-31.6
36.800000000000004,-31.6
37.0,-31.6
37.2,-31.6
37.4,-31.6
37.6,-31.6
37.800000000000004,-31.6
38.0,-31.6
38.2,-31.6
38.400000000000006,-31.6
38.6,-31.6
38.800000000000004,-31.6
39.0,-31.6
39.2,-31.6
39.400000000000006,-31.6
39.6,-31.6
39.800000000000004,-31.6
40.0,-31.6
40.2,-31.6
40.400000000000006,-31.6
40.6,-31.6
40.800000000000004,-31.6
41.0,-31.6
41.2,-31.6
41.400000000000006,-31.6
41.6,-31.6
41.800000000000004,-31.6
42.0,-31.6
42.2,-31.6
42.400000000000006,-31.6
42.6,-31.6
42.800000000000004,-31.6
43.0,-31.6
43.2,-31.6
43.400000000000006,-31.6
43.6,-31.6
43.800000000000004,-31.6
44.0,-31.6
44.2,-31.6
44.400000000000006,-31.6
44.6,-31.6
44.800000000000004,-31.6
45.0,-31.6
45.2,-31.6
45.400000000000006,-31.6
45.6,-31.6
45.800000000000004,-31.6
46.0,-31.6
46.2,-31.6
46.400000000000006,-31.6
46.6,-31.6
46.800000000000004,-31.6
47.0,-31.6
47.2,-31.6
47.400000000000006,-31.6
47.6,-31.6
47.800000000000004,-31.6
48.0,-31.6
48.2,-31.6
48.400000000000006,-31.6
48.6,-31.6
48.800000000000004,-31.6
49.0,-31.6
49.2,-31.6
49.400000000000006,-31.6
49.6,-31.6
49.800000000000004,-31.6
50.0,-31.6
50.2,-31.6
50.400000000000006,-31.6
50.6,-31.6
50.800000000000004,-31.6
51.0,-31.6
51.2,-31.6
51.400000000000006,-31.6
51.6,-31.6
51.800000000000004,-31.6
52.0,-31.6
52.2,-31.6
52.400000000000006,-31.6
52.6,-31.6
52.800000000000004,-31.6
53.0,-31.6
53.2,-31.6
53.400000000000006,-31.6
53.6,-31.6
53.800000000000004,-31.6
54.0,-31.6
54.2,-31.6
54.400000000000006,-31.6
54.6,-31.6
54.800000000000004,-31.6
55.0,-31.6
55.2,-31.6
55.400000000000006,-31.6
55.6,-31.6
55.800000000000004,-31.6
56.0,-31.6
56.2,-31.6
56.400000000000006,-31.6
56.6,-31.6
56.800000000000004,-31.6
57.0,-31.6
57.2,-31.6
57.400000000000006,-31.6
57.6,-31.6
57.800000000000004,-31.6
58.0,-31.6
58.2,-31.6
58.400000000000006,-31.6
58.6,-31.6
58.800000000000004,-31.6
59.0,-31.6
59.2,-31.6
59.400000000000006,-31.6
59.6,-31.6
59.800000000000004,-31.6
60.0,-31.6
60.2,-31.6
60.400000000000006,-31.6
60.6,-31.6
60.800000000000004,-31.6
61.0,-31.6
61.2,-31.6
61.400000000000006,-31.6
61.6,-31.6
61.800000000000004,-31.6
62.0,-31.6
62.2,-31.6
62.400000000000006,-31.6
62.6,-31.6
62.800000000000004,-31.6
63.0,-31.6
63.2,-31.6
63.400000000000006,-31.6
63.6,-31.6
63.800000000000004,-31.6
64.0,-31.6
64.2,-31.6
64.4,-31.6
64.60000000000001,-31.6
64.8,-31.6
65.0,-31.6
65.2,-31.6
65.4,-31.6
65.60000000000001,-31.6
65.8,-31.6
66.0,-31.6
66.2,-31.6
66.4,-31.6
66.60000000000001,-31.6
66.8,-31.6
67.0,-31.6
67.2,-31.6
67.4,-31.6
67.60000000000001,-31.6
67.8,-31.6
68.0,-31.6
68.2,-31.6
68.4,-31.6
68.60000000000001,-31.6
68.8,-31.6
69.0,-31.6
69.2,-31.6
69.4,-31.6
69.60000000000001,-31.6
69.8,-31.6
70.0,-31.6
70.2,-31.6
70.4,-31.6
70.60000000000001,-31.6
70.8,-31.6
71.0,-31.6
71.2,-31.6
71.4,-31.6
71.60000000000001,-31.6
71.8,-31.6
72.0,-31.6
72.2,-31.6
72.4,-31.6
72.60000000000001,-31.6
72.8,-31.6
73.0,-31.6
73.2,-31.6
73.4,-31.6
73.60000000000001,-31.6
73.8,-31.6
74.0,-31.6
74.2,-31.6
74.4,-31.6
74.60000000000001,-31.6
74.8,-31.6
75.0,-31.6
75.2,-31.6
75.4,-31.6
75.60000000000001,-31.6
75.8,-31.6
76.0,-31.6
76.2,-31.6
76.4,-31.6
76.60000000000001,-31.6
76.80000000000001,-31.6
77.0,-31.6
77.2,-31.6
77.4,-31.6
77.60000000000001,-31.6
77.80000000000001,-31.6
78.0,-31.6
78.2,-31.6
78.4,-31.6
78.60000000000001,-31.6
78.80000000000001,-31.6
79.0,-31.6
79.2,-31.6
79.4,-31.6
79.60000000000001,-31.6
79.80000000000001,-31.6
80.0,-31.6
80.2,-31.6
80.4,-31.6
80.60000000000001,-31.6
80.80000000000001,-31.6
81.0,-31.6
81.2,-31.6
81.4,-31.6
81.60000000000001,-31.6
81.80000000000001,-31.6
82.0,-31.6
82.2,-31.6
82.4,-31.6
82.60000000000001,-31.6
82.80000000000001,-31.6
83.0,-31.6
83.2,-31.6
83.4,-31.6
83.60000000000001,-31.6
83.80000000000001,-31.6
84.0,-31.6
84.2,-31.6
84.4,-31.6
84.60000000000001,-31.6
84.80000000000001,-31.6
85.0,-31.6
85.2,-31.6
85.4,-31.6
85.60000000000001,-31.6
85.80000000000001,-31.6
86.0,-31.6
86.2,-31.6
86.4,-31.6
86.60000000000001,-31.6
86.80000000000001,-31.6
87.0,-31.6
87.2,-31.6
87.4,-31.6
87.60000000000001,-31.6
87.80000000000001,-31.6
88.0,-31.6
88.2,-31.6
88.4,-31.6
88.60000000000001,-31.6
88.80000000000001,-31.6
89.0,-31.6
89.2,-31.6
89.4,-31.6
89.60000000000001,-31.6
89.80000000000001,-31.6
90.0,-31.6
90.2,-31.6
90.4,-31.6
90.60000000000001,-31.6
90.80000000000001,-31.6
91.0,-31.6
91.2,-31.6
91.4,-31.6
91.60000000000001,-31.6
91.80000000000001,-31.6
92.0,-31.6
92.2,-31.6
92.4,-31.6
92.60000000000001,-31.6
92.80000000000001,-31.6
93.0,-31.6
93.2,-31.6
93.4,-31.6
93.60000000000001,-31.6
93.80000000000001,-31.6
94.0,-31.6
94.2,-31.6
94.4,-31.6
94.60000000000001,-31.6
94.80000000000001,-31.6
95.0,-31.6
95.2,-31.6
95.4,-31.6
95.60000000000001,-31.6
95.80000000000001,-31.6
96.0,-31.6
96.2,-31.6
96.4,-31.6
96.60000000000001,-31.6
96.80000000000001,-31.6
97.0,-31.6
97.2,-31.6
97.4,-31.6
97.60000000000001,-31.6
97.80000000000001,-31.6
98.0,-31.6
98.2,-31.6
98.4,-31.6
98.60000000000001,-31.6
98.80000000000001,-31.6
99.0,-31.6
99.2,-31.6
99.4,-31.6
99.60000000000001,-31.6
99.80000000000001,-31.6
100.0,-31.6
100.2,-31.6
100.4,-31.6
100.60000000000001,-31.6
100.80000000000001,-31.6
101.0,-31.6
101.2,-31.6
101.4,-31.6
101.60000000000001,-31.6
101.80000000000001,-31.6
102.0,-31.6
102.2,-31.6
102.4,-31.6
102.60000000000001,-31.6
102.80000000000001,-31.6
103.0,-31.6
103.2,-31.6
103.4,-31.6
103.60000000000001,-31.6
103.80000000000001,-31.6
104.0,-31.6
104.2,-31.6
104.4,-31.6
104.60000000000001,-31.6
104.80000000000001,-31.6
105.0,-31.6
105.2,-31.6
105.4,-31.6
105.60000000000001,-31.6
105.80000000000001,-31.6
106.0,-31.6
106.2,-31.6
106.4,-31.6
106.60000000000001,-31.6
106.80000000000001,-31.6
107.0,-31.6
107.2,-31.6
107.4,-31.6
107.60000000000001,-31.6
107.80000000000001,-31.6
108.0,-31.6
108.2,-31.6
108.4,-31.6
108.60000000000001,-31.6
108.80000000000001,-31.6
109.0,-31.6
109.2,-31.6
109.4,-31.6
109.60000000000001,-31.6
109.80000000000001,-31.6
110.0,-31.6
110.2,-31.6
110.4,-31.6
110.60000000000001,-31.6
110.80000000000001,-31.6
111.0,-31.6
111.2,-31.6
111.4,-31.6
111.60000000000001,-31.6
111.80000000000001,-31.6
112.0,-31.6
112.2,-31.6
112.4,-31.6
112.60000000000001,-31.6
112.80000000000001,-31.6
113.0,-31.6
113.2,-31.6
113.4,-31.6
113.60000000000001,-31.6
113.80000000000001,-31.6
114.0,-31.6
114.2,-31.6
114.4,-31.6
114.60000000000001,-31.6
114.80000000000001,-31.6
115.0,-31.6
115.2,-31.6
115.4,-31.6
115.60000000000001,-31.6
115.80000000000001,-31.6
116.0,-31.6
116.2,-31.6
116.4,-31.6
116.60000000000001,-31.6
116.80000000000001,-31.6
117.0,-31.6
117.2,-31.6
117.4,-31.6
117.60000000000001,-31.6
117.80000000000001,-31.6
118.0,-31.6
118.2,-31.6
118.4,-31.6
118.60000000000001,-31.6
118.80000000000001,-31.6
119.0,-31.6
119.2,-31.6
119.4,-31.6
119.60000000000001,-31.6
119.80000000000001,-31.6
120.0,-31.6
120.2,-31.6
120.4,-31.6
120.60000000000001,-31.6
120.80000000000001,-31.6
121.0,-31.6
121.2,-31.6
121.4,-31.6
121.60000000000001,-31.6
121.80000000000001,-31.6
122.0,-31.6
122.2,-31.6
122.4,-31.6
122.60000000000001,-31.6
122.80000000000001,-31.6
123.0,-31.6
123.2,-31.6
123.4,-31.6
123.60000000000001,-31.6
123.80000000000001,-31.6
124.0,-31.6
124.2,-31.6
124.4,-31.6
124.60000000000001,-31.6
124.80000000000001,-31.6
125.0,-31.6
125.2,-31.6
125.4,-31.6
125.60000000000001,-31.6
125.80000000000001,-31.6
126.0,-31.6
126.2,-31.6
126.4,-31.6
126.60000000000001,-31.6
126.80000000000001,-31.6
127.0,-31.6
127.2,-31.6
127.4,-31.6
127.60000000000001,-31.6
127.80000000000001,-31.6
128.0,-31.6
128.20000000000002,-31.6
128.4,-31.6
128.6,-31.6
128.8,-31.6
129.0,-31.6
129.20000000000002,-31.6
129.4,-31.6
129.6,-31.6
129.8,-31.6
130.0,-31.6
130.20000000000002,-31.6
130.4,-31.6
130.6,-31.6
130.8,-31.6
131.0,-31.6
131.20000000000002,-31.6
131.4,-31.6
131.6,-31.6
131.8,-31.6
132.0,-31.6
132.20000000000002,-31.6
132.4,-31.6
132.6,-31.6
132.8,-31.6
133.0,-31.6
133.20000000000002,-31.6
133.4,-31.6
133.6,-31.6
133.8,-31.6
134.0,-31.6
134.20000000000002,-31.6
134.4,-31.6
134.6,-31.6
134.8,-31.6
135.0,-31.6
135.20000000000002,-31.6
135.4,-31.6
135.6,-31.6
135.8,-31.6
136.0,-31.6
136.20000000000002,-31.6
136.4,-31.6
136.6,-31.6
136.8,-31.6
137.0,-31.6
137.20000000000002,-31.6
137.4,-31.6
137.6,-31.6
137.8,-31.6
138.0,-31.6
138.20000000000002,-31.6
138.4,-31.6
138.6,-31.6
138.8,-31.6
139.0,-31.6
139.20000000000002,-31.6
139.4,-31.6
139.6,-31.6
139.8,-31.6
140.0,-31.6
140.20000000000002,-31.6
140.4,-31.6
140.6,-31.6
140.8,-31.6
141.0,-31.6
141.20000000000002,-31.6
141.4,-31.6
141.6,-31.6
141.8,-31.6
142.0,-31.6
142.20000000000002,-31.6
142.4,-31.6
142.6,-31.6
142.8,-31.6
143.0,-31.6
143.20000000000002,-31.6
143.4,-31.6
143.6,-31.6
143.8,-31.6
144.0,-31.6
144.20000000000002,-31.6
144.4,-31.6
144.6,-31.6
144.8,-31.6
145.0,-31.6
145.20000000000002,-31.6
145.4,-31.6
145.6,-31.6
145.8,-31.6
146.0,-31.6
146.20000000000002,-31.6
146.4,-31.6
146.6,-31.6
146.8,-31.6
147.0,-31.6
147.20000000000002,-31.6
147.4,-31.6
147.6,-31.6
147.8,-31.6
148.0,-31.6
148.20000000000002,-31.6
148.4,-31.6
148.6,-31.6
148.8,-31.6
149.0,-31.6
149.20000000000002,-31.6
149.4,-31.6
149.6,-31.6
149.8,-31.6
150.0,-31.6
150.20000000000002,-31.6
150.4,-31.6
150.6,-31.6
150.8,-31.6
151.0,-31.6
151.20000000000002,-31.6
151.4,-31.6
151.6,-31.6
151.8,-31.6
152.0,-31.6
152.20000000000002,-31.6
152.4,-31.6
152.6,-31.6
152.8,-31.6
153.0,-31.6
153.20000000000002,-31.6
153.4,-31.6
153.60000000000002,-31.6
153.8,-31.6
154.0,-31.6
154.20000000000002,-31.6
154.4,-31.6
154.60000000000002,-31.6
154.8,-31.6
155.0,-31.6
155.20000000000002,-31.6
155.4,-31.6
155.60000000000002,-31.6
155.8,-31.6
156.0,-31.6
156.20000000000002,-31.6
156.4,-31.6
156.60000000000002,-31.6
156.8,-31.6
157.0,-31.6
157.20000000000002,-31.6
157.4,-31.6
157.60000000000002,-31.6
157.8,-31.6
158.0,-31.6
158.20000000000002,-31.6
158.4,-31.6
158.60000000000002,-31.6
158.8,-31.6
159.0,-31.6
159.20000000000002,-31.6
159.4,-31.6
159.60000000000002,-31.6
159.8,-31.6
160.0,-31.6
160.20000000000002,-31.6
160.4,-31.6
160.60000000000002,-31.6
160.8,-31.6
161.0,-31.6
161.20000000000002,-31.6
161.4,-31.6
161.60000000000002,-31.6
161.8,-31.6
162.0,-31.6
162.20000000000002,-31.6
162.4,-31.6
162.60000000000002,-31.6
162.8,-31.6
163.0,-31.6
163.20000000000002,-31.6
163.4,-31.6
163.60000000000002,-31.6
163.8,-31.6
164.0,-31.6
164.20000000000002,-31.6
164.4,-31.6
164.60000000000002,-31.6
164.8,-31.6
165.0,-31.6
165.20000000000002,-31.6
165.4,-31.6
165.60000000000002,-31.6
165.8,-31.6
166.0,-31.6
166.20000000000002,-31.6
166.4,-31.6
166.60000000000002,-31.6
166.8,-31.6
167.0,-31.6
167.20000000000002,-31.6
167.4,-31.6
167.60000000000002,-31.6
167.8,-31.6
168.0,-31.6
168.20000000000002,-31.6
168.4,-31.6
168.60000000000002,-31.6
168.8,-31.6
169.0,-31.6
169.20000000000002,-31.6
169.4,-31.6
169.60000000000002,-31.6
169.8,-31.6
170.0,-31.6
170.20000000000002,-31.6
170.4,-31.6
170.60000000000002,-31.6
170.8,-31.6
171.0,-31.6
171.20000000000002,-31.6
171.4,-31.6
171.60000000000002,-31.6
171.8,-31.6
172.0,-31.6
172.20000000000002,-31.6
172.4,-31.6
172.60000000000002,-31.6
172.8,-31.6
173.0,-31.6
173.20000000000002,-31.6
173.4,-31.6
173.60000000000002,-31.6
173.8,-31.6
174.0,-31.6
174.20000000000002,-31.6
174.4,-31.6
174.60000000000002,-31.6
174.8,-31.6
175.0,-31.6
175.20000000000002,-31.6
175.4,-31.6
175.60000000000002,-31.6
175.8,-31.6
176.0,-31.6
176.20000000000002,-31.6
176.4,-31.6
176.60000000000002,-31.6
176.8,-31.6
177.0,-31.6
177.20000000000002,-31.6
177.4,-31.6
177.60000000000002,-31.6
177.8,-31.6
178.0,-31.6
178.20000000000002,-31.6
178.4,-31.6
178.60000000000002,-31.6
178.8,-31.6
179.0,-31.6
179.20000000000002,-31.6
179.4,-31.6
179.60000000000002,-31.6
179.8,-31.6
180.0,-31.6
180.20000000000002,-31.6
180.4,-31.6
180.60000000000002,-31.6
180.8,-31.6
181.0,-31.6
181.20000000000002,-31.6
181.4,-31.6
181.60000000000002,-31.6
181.8,-31.6
182.0,-31.6
182.20000000000002,-31.6
182.4,-31.6
182.60000000000002,-31.6
182.8,-31.6
183.0,-31.6
183.20000000000002,-31.6
183.4,-31.6
183.60000000000002,-31.6
183.8,-31.6
184.0,-31.6
184.20000000000002,-31.6
184.4,-31.6
184.60000000000002,-31.6
184.8,-31.6
185.0,-31.6
185.20000000000002,-31.6
185.4,-31.6
185.60000000000002,-31.6
185.8,-31.6
186.0,-31.6
186.20000000000002,-31.6
186.4,-31.6
186.60000000000002,-31.6
186.8,-31.6
187.0,-31.6
187.20000000000002,-31.6
187.4,-31.6
187.60000000000002,-31.6
187.8,-31.6
188.0,-31.6
188.20000000000002,-31.6
188.4,-31.6
188.60000000000002,-31.6
188.8,-31.6
189.0,-31.6
189.20000000000002,-31.6
189.4,-31.6
189.60000000000002,-31.6
189.8,-31.6
190.0,-31.6
190.20000000000002,-31.6
190.4,-31.6
190.60000000000002,-31.6
190.8,-31.6
191.0,-31.6
191.20000000000002,-31.6
191.4,-31.6
191.60000000000002,-31.6
191.8,-31.6
192.0,-31.6
192.20000000000002,-31.6
192.4,-31.6
192.60000000000002,-31.6
192.8,-31.6
193.0,-31.6
193.20000000000002,-31.6
193.4,-31.6
193.60000000000002,-31.6
