X,Y,Z,Label
0,0.0,1000.029,CL
1,0.113,1000.004,CL
2,0.226,999.981,CL
3,0.338,999.957,CL
4,0.45,999.934,CL
5,0.56,999.911,CL
6,0.67,999.887,CL
7,0.778,999.863,CL
8,0.884,999.838,CL
9,0.989,999.813,CL
10,1.092,999.787,CL
11,1.192,999.759,CL
12,1.291,999.731,CL
13,1.386,999.702,CL
14,1.479,999.673,CL
15,1.568,999.643,CL
16,1.655,999.614,CL
17,1.738,999.584,CL
18,1.817,999.553,CL
19,1.893,999.523,CL
20,1.965,999.492,CL
21,2.032,999.461,CL
22,2.096,999.43,CL
23,2.156,999.398,CL
24,2.211,999.366,CL
25,2.261,999.333,CL
26,2.307,999.299,CL
27,2.348,999.263,CL
28,2.385,999.227,CL
29,2.416,999.191,CL
30,2.443,999.154,CL
31,2.464,999.117,CL
32,2.481,999.079,CL
33,2.492,999.042,CL
34,2.499,999.006,CL
35,2.5,998.97,CL
36,2.496,998.936,CL
37,2.487,998.903,CL
38,2.473,998.871,CL
39,2.454,998.841,CL
40,2.43,998.812,CL
41,2.401,998.783,CL
42,2.367,998.756,CL
43,2.328,998.729,CL
44,2.285,998.703,CL
45,2.236,998.677,CL
46,2.184,998.645,CL
47,2.126,998.613,CL
48,2.065,998.582,CL
49,1.999,998.551,CL
50,1.929,998.52,CL
51,1.855,998.489,CL
52,1.778,998.459,CL
53,1.696,998.429,CL
54,1.612,998.399,CL
55,1.524,998.37,CL
56,1.433,998.34,CL
57,1.339,998.311,CL
58,1.242,998.283,CL
59,1.143,998.254,CL
60,1.041,998.221,CL
61,0.937,998.186,CL
62,0.831,998.152,CL
63,0.724,998.119,CL
64,0.615,998.087,CL
65,0.505,998.056,CL
66,0.394,998.025,CL
67,0.282,997.996,CL
68,0.169,997.968,CL
69,0.056,997.942,CL
70,-0.056,997.916,CL
71,-0.169,997.893,CL
72,-0.282,997.869,CL
73,-0.394,997.846,CL
74,-0.505,997.823,CL
75,-0.615,997.8,CL
76,-0.724,997.777,CL
77,-0.831,997.753,CL
78,-0.937,997.728,CL
79,-1.041,997.703,CL
80,-1.143,997.676,CL
81,-1.242,997.648,CL
82,-1.339,997.619,CL
83,-1.433,997.59,CL
84,-1.524,997.561,CL
85,-1.612,997.531,CL
86,-1.696,997.502,CL
87,-1.778,997.472,CL
88,-1.855,997.441,CL
89,-1.929,997.411,CL
90,-1.999,997.38,CL
91,-2.065,997.348,CL
92,-2.126,997.317,CL
93,-2.184,997.285,CL
94,-2.236,997.253,CL
95,-2.285,997.219,CL
96,-2.328,997.183,CL
97,-2.367,997.147,CL
98,-2.401,997.111,CL
99,-2.43,997.074,CL
100,-2.454,997.036,CL
101,-2.473,996.999,CL
102,-2.487,996.961,CL
103,-2.496,996.924,CL
104,-2.5,996.888,CL
105,-2.499,996.853,CL
106,-2.492,996.819,CL
107,-2.481,996.787,CL
108,-2.464,996.757,CL
109,-2.443,996.727,CL
110,-2.416,996.699,CL
111,-2.385,996.671,CL
112,-2.348,996.644,CL
113,-2.307,996.618,CL
114,-2.261,996.592,CL
115,-2.211,996.564,CL
116,-2.156,996.532,CL
117,-2.096,996.501,CL
118,-2.032,996.469,CL
119,-1.965,996.438,CL
120,-1.893,996.407,CL
121,-1.817,996.377,CL
122,-1.738,996.347,CL
123,-1.655,996.317,CL
124,-1.568,996.287,CL
125,-1.479,996.258,CL
126,-1.386,996.229,CL
127,-1.291,996.2,CL
128,-1.192,996.171,CL
129,-1.092,996.141,CL
130,-0.989,996.106,CL
131,-0.884,996.071,CL
132,-0.778,996.037,CL
133,-0.67,996.004,CL
134,-0.56,995.972,CL
135,-0.45,995.941,CL
136,-0.338,995.911,CL
137,-0.226,995.882,CL
138,-0.113,995.855,CL
139,-0.0,995.855,CL
0,4,1000.1,XS
0,3,1000.074,XS
0,2,1000.054,XS
0,1,1000.04,XS
0,0,1000.032,XS
0,-1,1000.035,XS
0,-2,1000.047,XS
0,-3,1000.064,XS
0,-4,1000.087,XS
1,0,1000.004,XS
1,-1,1000.013,XS
1,-2,1000.025,XS
1,-3,1000.041,XS
1,-4,1000.061,XS
1,4,1000.03,XS
1,3,1000.004,XS
1,2,999.984,XS
1,1,999.979,XS
2,0,999.981,XS
2,-1,999.991,XS
2,-2,1000.003,XS
2,-3,1000.017,XS
2,-4,1000.035,XS
2,5,999.995,XS
2,4,999.98,XS
2,3,999.964,XS
2,2,999.956,XS
2,1,999.953,XS
3,0,999.957,XS
3,-1,999.969,XS
3,-2,999.979,XS
3,-3,1000.0,XS
3,-4,1000.016,XS
3,5,999.961,XS
3,4,999.947,XS
3,3,999.934,XS
3,2,999.929,XS
3,1,999.928,XS
4,0,999.934,XS
4,-1,999.95,XS
4,-2,999.961,XS
4,-3,999.974,XS
4,-4,999.987,XS
4,5,999.927,XS
4,4,999.916,XS
4,3,999.905,XS
4,2,999.902,XS
4,1,999.904,XS
5,0,999.911,XS
5,-1,999.926,XS
5,-2,999.936,XS
5,-3,999.947,XS
5,-4,999.958,XS
5,5,999.895,XS
5,4,999.885,XS
5,3,999.878,XS
5,2,999.877,XS
5,1,999.882,XS
6,0,999.887,XS
6,-1,999.902,XS
6,-2,999.91,XS
6,-3,999.919,XS
6,5,999.863,XS
6,4,999.855,XS
6,3,999.851,XS
6,2,999.853,XS
6,1,999.857,XS
7,0,999.863,XS
7,-1,999.876,XS
7,-2,999.888,XS
7,-3,999.896,XS
7,5,999.832,XS
7,4,999.825,XS
7,3,999.825,XS
7,2,999.828,XS
7,1,999.833,XS
8,0,999.838,XS
8,-1,999.854,XS
8,-2,999.86,XS
8,-3,999.867,XS
8,5,999.803,XS
8,4,999.798,XS
8,3,999.8,XS
8,2,999.803,XS
8,1,999.808,XS
9,0,999.813,XS
9,-1,999.827,XS
9,-2,999.832,XS
9,-3,999.838,XS
9,5,999.773,XS
9,4,999.771,XS
9,3,999.774,XS
9,2,999.778,XS
9,1,999.785,XS
10,1,999.787,XS
10,0,999.789,XS
10,-1,999.799,XS
10,-2,999.804,XS
10,-3,999.809,XS
10,5,999.746,XS
10,4,999.744,XS
10,3,999.747,XS
10,2,999.753,XS
11,1,999.759,XS
11,0,999.761,XS
11,-1,999.77,XS
11,-2,999.777,XS
11,-3,999.781,XS
11,5,999.718,XS
11,4,999.717,XS
11,3,999.721,XS
11,2,999.725,XS
12,1,999.731,XS
12,0,999.733,XS
12,-1,999.743,XS
12,-2,999.747,XS
12,-3,999.751,XS
12,5,999.69,XS
12,4,999.69,XS
12,3,999.693,XS
12,2,999.696,XS
13,1,999.702,XS
13,0,999.704,XS
13,-1,999.714,XS
13,-2,999.717,XS
13,-3,999.721,XS
13,6,999.661,XS
13,5,999.66,XS
13,4,999.661,XS
13,3,999.664,XS
13,2,999.667,XS
14,1,999.673,XS
14,0,999.676,XS
14,-1,999.684,XS
14,-2,999.688,XS
14,-3,999.691,XS
14,6,999.632,XS
14,5,999.631,XS
14,4,999.632,XS
14,3,999.635,XS
14,2,999.638,XS
15,1,999.643,XS
15,0,999.647,XS
15,-1,999.654,XS
15,-2,999.658,XS
15,6,999.603,XS
15,5,999.601,XS
15,4,999.603,XS
15,3,999.605,XS
15,2,999.61,XS
16,1,999.614,XS
16,0,999.617,XS
16,-1,999.624,XS
16,-2,999.629,XS
16,6,999.573,XS
16,5,999.572,XS
16,4,999.573,XS
16,3,999.577,XS
16,2,999.58,XS
17,1,999.584,XS
17,0,999.587,XS
17,-1,999.596,XS
17,-2,999.599,XS
17,6,999.543,XS
17,5,999.541,XS
17,4,999.542,XS
17,3,999.547,XS
17,2,999.55,XS
18,1,999.553,XS
18,0,999.557,XS
18,-1,999.566,XS
18,-2,999.569,XS
18,6,999.512,XS
18,5,999.511,XS
18,4,999.513,XS
18,3,999.516,XS
18,2,999.519,XS
19,1,999.523,XS
19,0,999.527,XS
19,-1,999.535,XS
19,-2,999.539,XS
19,6,999.481,XS
19,5,999.48,XS
19,4,999.482,XS
19,3,999.485,XS
19,2,999.489,XS
20,1,999.492,XS
20,0,999.498,XS
20,-1,999.505,XS
20,-2,999.509,XS
20,6,999.449,XS
20,5,999.448,XS
20,4,999.45,XS
20,3,999.454,XS
20,2,999.457,XS
21,2,999.461,XS
21,1,999.463,XS
21,0,999.467,XS
21,-1,999.475,XS
21,-2,999.479,XS
21,6,999.417,XS
21,5,999.416,XS
21,4,999.418,XS
21,3,999.422,XS
22,2,999.43,XS
22,1,999.432,XS
22,0,999.436,XS
22,-1,999.444,XS
22,-2,999.448,XS
22,6,999.385,XS
22,5,999.383,XS
22,4,999.386,XS
22,3,999.39,XS
23,2,999.398,XS
23,1,999.4,XS
23,0,999.405,XS
23,-1,999.414,XS
23,-2,999.42,XS
23,6,999.352,XS
23,5,999.351,XS
23,4,999.353,XS
23,3,999.36,XS
24,2,999.366,XS
24,1,999.369,XS
24,0,999.373,XS
24,-1,999.385,XS
24,-2,999.39,XS
24,6,999.32,XS
24,5,999.317,XS
24,4,999.322,XS
24,3,999.326,XS
25,2,999.333,XS
25,1,999.336,XS
25,0,999.341,XS
25,-1,999.354,XS
25,-2,999.359,XS
25,6,999.289,XS
25,5,999.283,XS
25,4,999.286,XS
25,3,999.291,XS
26,2,999.299,XS
26,1,999.301,XS
26,0,999.307,XS
26,-1,999.322,XS
26,-2,999.329,XS
26,6,999.259,XS
26,5,999.249,XS
26,4,999.251,XS
26,3,999.255,XS
27,2,999.263,XS
27,1,999.266,XS
27,0,999.273,XS
27,-1,999.291,XS
27,-2,999.298,XS
27,7,999.229,XS
27,6,999.221,XS
27,5,999.215,XS
27,4,999.216,XS
27,3,999.219,XS
28,2,999.227,XS
28,1,999.231,XS
28,0,999.238,XS
28,-1,999.258,XS
28,-2,999.267,XS
28,7,999.201,XS
28,6,999.19,XS
28,5,999.182,XS
28,4,999.181,XS
28,3,999.183,XS
29,2,999.191,XS
29,1,999.194,XS
29,0,999.206,XS
29,-1,999.226,XS
29,-2,999.236,XS
29,7,999.173,XS
29,6,999.161,XS
29,5,999.149,XS
29,4,999.146,XS
29,3,999.147,XS
30,2,999.154,XS
30,1,999.157,XS
30,0,999.17,XS
30,-1,999.192,XS
30,-2,999.205,XS
30,7,999.147,XS
30,6,999.133,XS
30,5,999.118,XS
30,4,999.112,XS
30,3,999.111,XS
31,2,999.117,XS
31,1,999.12,XS
31,0,999.134,XS
31,-1,999.159,XS
31,-2,999.174,XS
31,7,999.122,XS
31,6,999.106,XS
31,5,999.088,XS
31,4,999.079,XS
31,3,999.076,XS
32,2,999.079,XS
32,1,999.086,XS
32,0,999.096,XS
32,-1,999.124,XS
32,-2,999.142,XS
32,7,999.097,XS
32,6,999.081,XS
32,5,999.06,XS
32,4,999.048,XS
32,3,999.042,XS
33,2,999.042,XS
33,1,999.048,XS
33,0,999.058,XS
33,-1,999.09,XS
33,-2,999.11,XS
33,7,999.072,XS
33,6,999.057,XS
33,5,999.034,XS
33,4,999.018,XS
33,3,999.009,XS
34,2,999.006,XS
34,1,999.01,XS
34,0,999.02,XS
34,-1,999.054,XS
34,-2,999.078,XS
35,7,999.046,XS
35,6,999.032,XS
35,5,999.008,XS
35,4,998.99,XS
35,3,998.978,XS
35,2,998.971,XS
36,7,999.017,XS
36,6,999.003,XS
36,5,998.98,XS
36,4,998.961,XS
36,3,998.947,XS
36,2,998.938,XS
35,1,998.935,XS
35,0,998.941,XS
35,-1,998.974,XS
35,-2,999.006,XS
37,7,998.988,XS
37,6,998.975,XS
37,5,998.952,XS
37,4,998.933,XS
37,3,998.918,XS
37,2,998.907,XS
36,1,998.899,XS
36,0,998.902,XS
36,-1,998.931,XS
36,-2,998.966,XS
38,7,998.958,XS
38,6,998.946,XS
38,5,998.924,XS
38,4,998.905,XS
38,3,998.889,XS
38,2,998.876,XS
37,1,998.868,XS
37,0,998.865,XS
37,-1,998.888,XS
37,-2,998.924,XS
39,7,998.929,XS
39,6,998.918,XS
39,5,998.896,XS
39,4,998.877,XS
39,3,998.86,XS
39,2,998.847,XS
38,1,998.836,XS
38,0,998.83,XS
38,-1,998.846,XS
38,-2,998.881,XS
40,7,998.9,XS
40,6,998.889,XS
40,5,998.869,XS
40,4,998.85,XS
40,3,998.833,XS
40,2,998.818,XS
39,1,998.806,XS
39,0,998.798,XS
39,-1,998.805,XS
39,-2,998.838,XS
41,7,998.871,XS
41,6,998.86,XS
41,5,998.841,XS
41,4,998.822,XS
41,3,998.805,XS
41,2,998.79,XS
40,1,998.777,XS
40,0,998.767,XS
40,-1,998.761,XS
40,-2,998.775,XS
42,7,998.841,XS
42,6,998.832,XS
42,5,998.813,XS
42,4,998.795,XS
42,3,998.779,XS
42,2,998.763,XS
41,1,998.749,XS
41,0,998.737,XS
41,-1,998.725,XS
41,-2,998.735,XS
43,7,998.812,XS
43,6,998.803,XS
43,5,998.786,XS
43,4,998.769,XS
43,3,998.752,XS
43,2,998.736,XS
42,1,998.722,XS
42,0,998.708,XS
42,-1,998.692,XS
42,-2,998.696,XS
44,7,998.783,XS
44,6,998.774,XS
44,5,998.758,XS
44,4,998.742,XS
44,3,998.726,XS
44,2,998.71,XS
43,1,998.695,XS
43,0,998.681,XS
43,-1,998.659,XS
43,-2,998.659,XS
45,7,998.753,XS
45,6,998.746,XS
45,5,998.73,XS
45,4,998.715,XS
45,3,998.7,XS
45,2,998.685,XS
44,1,998.67,XS
44,0,998.655,XS
44,-1,998.629,XS
44,-2,998.624,XS
46,7,998.723,XS
46,6,998.715,XS
46,5,998.7,XS
46,4,998.684,XS
46,3,998.669,XS
46,2,998.653,XS
45,1,998.637,XS
45,0,998.622,XS
45,-1,998.596,XS
45,-2,998.591,XS
47,7,998.693,XS
47,6,998.685,XS
47,5,998.669,XS
47,4,998.653,XS
47,3,998.637,XS
47,2,998.621,XS
46,1,998.606,XS
46,0,998.59,XS
46,-1,998.564,XS
46,-2,998.558,XS
48,7,998.662,XS
48,6,998.655,XS
48,5,998.639,XS
48,4,998.622,XS
48,3,998.606,XS
48,2,998.59,XS
47,1,998.574,XS
47,0,998.558,XS
47,-1,998.531,XS
47,-2,998.526,XS
49,6,998.632,XS
49,5,998.616,XS
49,4,998.6,XS
49,3,998.584,XS
49,2,998.567,XS
49,1,998.551,XS
48,1,998.543,XS
48,0,998.527,XS
48,-1,998.5,XS
48,-2,998.494,XS
50,6,998.602,XS
50,5,998.586,XS
50,4,998.569,XS
50,3,998.553,XS
50,2,998.536,XS
50,1,998.52,XS
49,0,998.504,XS
49,-1,998.474,XS
49,-2,998.464,XS
49,-3,998.469,XS
51,6,998.572,XS
51,5,998.556,XS
51,4,998.539,XS
51,3,998.522,XS
51,2,998.506,XS
51,1,998.489,XS
50,0,998.473,XS
50,-1,998.443,XS
50,-2,998.433,XS
50,-3,998.438,XS
52,6,998.542,XS
52,5,998.525,XS
52,4,998.509,XS
52,3,998.492,XS
52,2,998.476,XS
52,1,998.459,XS
51,0,998.443,XS
51,-1,998.413,XS
51,-2,998.402,XS
51,-3,998.408,XS
53,6,998.512,XS
53,5,998.495,XS
53,4,998.479,XS
53,3,998.462,XS
53,2,998.445,XS
53,1,998.429,XS
52,0,998.413,XS
52,-1,998.383,XS
52,-2,998.372,XS
52,-3,998.378,XS
54,6,998.482,XS
54,5,998.465,XS
54,4,998.449,XS
54,3,998.432,XS
54,2,998.416,XS
54,1,998.399,XS
53,0,998.383,XS
53,-1,998.353,XS
53,-2,998.343,XS
53,-3,998.348,XS
55,6,998.452,XS
55,5,998.443,XS
55,4,998.419,XS
55,3,998.402,XS
55,2,998.386,XS
55,1,998.37,XS
54,0,998.353,XS
54,-1,998.324,XS
54,-2,998.314,XS
54,-3,998.319,XS
56,6,998.422,XS
56,5,998.413,XS
56,4,998.397,XS
56,3,998.381,XS
56,2,998.365,XS
56,1,998.348,XS
55,0,998.332,XS
55,-1,998.302,XS
55,-2,998.289,XS
55,-3,998.284,XS
57,6,998.392,XS
57,5,998.384,XS
57,4,998.368,XS
57,3,998.352,XS
57,2,998.335,XS
57,1,998.319,XS
56,0,998.303,XS
56,-1,998.273,XS
56,-2,998.261,XS
56,-3,998.255,XS
58,6,998.362,XS
58,5,998.354,XS
58,4,998.338,XS
58,3,998.322,XS
58,2,998.306,XS
58,1,998.29,XS
57,0,998.275,XS
57,-1,998.245,XS
57,-2,998.233,XS
57,-3,998.228,XS
59,6,998.332,XS
59,5,998.324,XS
59,4,998.308,XS
59,3,998.293,XS
59,2,998.277,XS
59,1,998.262,XS
58,0,998.246,XS
58,-1,998.217,XS
58,-2,998.205,XS
58,-3,998.2,XS
60,5,998.301,XS
60,4,998.285,XS
60,3,998.268,XS
60,2,998.244,XS
60,1,998.228,XS
59,0,998.213,XS
59,-1,998.186,XS
59,-2,998.176,XS
59,-3,998.174,XS
61,5,998.27,XS
61,4,998.252,XS
61,3,998.235,XS
61,2,998.218,XS
61,1,998.202,XS
61,0,998.186,XS
60,0,998.179,XS
60,-1,998.159,XS
60,-2,998.15,XS
60,-3,998.15,XS
62,5,998.239,XS
62,4,998.22,XS
62,3,998.202,XS
62,2,998.184,XS
62,1,998.168,XS
62,0,998.152,XS
61,-1,998.128,XS
61,-2,998.121,XS
61,-3,998.122,XS
61,-4,998.145,XS
63,5,998.208,XS
63,4,998.188,XS
63,3,998.169,XS
63,2,998.151,XS
63,1,998.134,XS
63,0,998.119,XS
62,-1,998.098,XS
62,-2,998.094,XS
62,-3,998.099,XS
62,-4,998.128,XS
64,5,998.177,XS
64,4,998.166,XS
64,3,998.136,XS
64,2,998.117,XS
64,1,998.101,XS
64,0,998.087,XS
63,-1,998.069,XS
63,-2,998.069,XS
63,-3,998.078,XS
63,-4,998.111,XS
65,5,998.146,XS
65,4,998.135,XS
65,3,998.113,XS
65,2,998.093,XS
65,1,998.076,XS
65,0,998.062,XS
64,-1,998.042,XS
64,-2,998.045,XS
64,-3,998.058,XS
64,-4,998.094,XS
66,5,998.115,XS
66,4,998.103,XS
66,3,998.08,XS
66,2,998.06,XS
66,1,998.044,XS
66,0,998.03,XS
65,-1,998.017,XS
65,-2,998.019,XS
65,-3,998.04,XS
65,-4,998.077,XS
67,5,998.084,XS
67,4,998.071,XS
67,3,998.048,XS
67,2,998.028,XS
67,1,998.012,XS
67,0,998.0,XS
66,-1,997.992,XS
66,-2,997.997,XS
66,-3,998.011,XS
66,-4,998.037,XS
68,4,998.053,XS
68,3,998.027,XS
68,2,997.996,XS
68,1,997.981,XS
68,0,997.971,XS
67,-1,997.968,XS
67,-2,997.977,XS
67,-3,997.993,XS
67,-4,998.02,XS
69,4,998.022,XS
69,3,997.995,XS
69,2,997.973,XS
69,1,997.956,XS
69,0,997.943,XS
68,-1,997.946,XS
68,-2,997.957,XS
68,-3,997.975,XS
68,-4,998.001,XS
70,4,997.988,XS
70,3,997.96,XS
70,2,997.939,XS
70,1,997.925,XS
70,0,997.918,XS
69,-1,997.921,XS
69,-2,997.938,XS
69,-3,997.956,XS
69,-4,997.979,XS
71,4,997.953,XS
71,3,997.924,XS
71,2,997.906,XS
71,1,997.895,XS
71,0,997.891,XS
70,-1,997.899,XS
70,-2,997.909,XS
70,-3,997.933,XS
70,-4,997.953,XS
72,4,997.917,XS
72,3,997.901,XS
72,2,997.874,XS
72,1,997.867,XS
72,0,997.866,XS
71,-1,997.877,XS
71,-2,997.887,XS
71,-3,997.901,XS
71,-4,997.917,XS
73,4,997.882,XS
73,3,997.866,XS
73,2,997.849,XS
73,1,997.842,XS
73,0,997.842,XS
72,-1,997.854,XS
72,-2,997.865,XS
72,-3,997.877,XS
72,-4,997.892,XS
72,-5,997.908,XS
74,4,997.847,XS
74,3,997.833,XS
74,2,997.82,XS
74,1,997.815,XS
74,0,997.816,XS
73,-1,997.831,XS
73,-2,997.841,XS
73,-3,997.853,XS
73,-4,997.865,XS
73,-5,997.879,XS
75,4,997.813,XS
75,3,997.801,XS
75,2,997.792,XS
75,1,997.79,XS
75,0,997.792,XS
74,-1,997.804,XS
74,-2,997.812,XS
74,-3,997.827,XS
74,-4,997.839,XS
74,-5,997.851,XS
76,3,997.781,XS
76,2,997.766,XS
76,1,997.764,XS
76,0,997.768,XS
75,-1,997.78,XS
75,-2,997.788,XS
75,-3,997.797,XS
75,-4,997.811,XS
75,-5,997.821,XS
77,3,997.749,XS
77,2,997.739,XS
77,1,997.738,XS
77,0,997.744,XS
76,-1,997.756,XS
76,-2,997.763,XS
76,-3,997.771,XS
76,-4,997.779,XS
76,-5,997.792,XS
78,3,997.718,XS
78,2,997.711,XS
78,1,997.713,XS
78,0,997.717,XS
77,-1,997.731,XS
77,-2,997.738,XS
77,-3,997.745,XS
77,-4,997.752,XS
77,-5,997.759,XS
79,3,997.689,XS
79,2,997.685,XS
79,1,997.687,XS
79,0,997.692,XS
79,-1,997.703,XS
78,-1,997.706,XS
78,-2,997.712,XS
78,-3,997.718,XS
78,-4,997.724,XS
78,-5,997.73,XS
80,3,997.66,XS
80,2,997.658,XS
80,1,997.661,XS
80,0,997.666,XS
80,-1,997.676,XS
79,-2,997.682,XS
79,-3,997.69,XS
79,-4,997.695,XS
79,-5,997.701,XS
81,3,997.632,XS
81,2,997.63,XS
81,1,997.632,XS
81,0,997.638,XS
81,-1,997.648,XS
80,-2,997.653,XS
80,-3,997.658,XS
80,-4,997.666,XS
80,-5,997.671,XS
82,3,997.604,XS
82,2,997.602,XS
82,1,997.604,XS
82,0,997.608,XS
82,-1,997.619,XS
81,-2,997.624,XS
81,-3,997.629,XS
81,-4,997.634,XS
81,-5,997.641,XS
83,3,997.576,XS
83,2,997.574,XS
83,1,997.576,XS
83,0,997.579,XS
83,-1,997.59,XS
82,-2,997.595,XS
82,-3,997.599,XS
82,-4,997.604,XS
82,-5,997.609,XS
84,3,997.547,XS
84,2,997.545,XS
84,1,997.547,XS
84,0,997.55,XS
84,-1,997.559,XS
83,-2,997.565,XS
83,-3,997.57,XS
83,-4,997.574,XS
83,-5,997.579,XS
83,-6,997.583,XS
85,2,997.518,XS
85,1,997.518,XS
85,0,997.521,XS
85,-1,997.529,XS
84,-2,997.534,XS
84,-3,997.54,XS
84,-4,997.545,XS
84,-5,997.549,XS
84,-6,997.553,XS
86,2,997.488,XS
86,1,997.487,XS
86,0,997.491,XS
86,-1,997.499,XS
85,-2,997.504,XS
85,-3,997.508,XS
85,-4,997.515,XS
85,-5,997.519,XS
85,-6,997.523,XS
87,2,997.458,XS
87,1,997.457,XS
87,0,997.46,XS
87,-1,997.469,XS
86,-2,997.474,XS
86,-3,997.478,XS
86,-4,997.482,XS
86,-5,997.489,XS
86,-6,997.493,XS
88,2,997.428,XS
88,1,997.426,XS
88,0,997.429,XS
88,-1,997.439,XS
87,-2,997.443,XS
87,-3,997.448,XS
87,-4,997.452,XS
87,-5,997.456,XS
87,-6,997.463,XS
89,2,997.397,XS
89,1,997.395,XS
89,0,997.398,XS
89,-1,997.406,XS
88,-2,997.413,XS
88,-3,997.417,XS
88,-4,997.422,XS
88,-5,997.426,XS
88,-6,997.431,XS
90,2,997.365,XS
90,1,997.364,XS
90,0,997.367,XS
90,-1,997.375,XS
89,-2,997.382,XS
89,-3,997.387,XS
89,-4,997.391,XS
89,-5,997.396,XS
89,-6,997.4,XS
91,2,997.334,XS
91,1,997.332,XS
91,0,997.335,XS
91,-1,997.344,XS
91,-2,997.348,XS
90,-2,997.351,XS
90,-3,997.356,XS
90,-4,997.36,XS
90,-5,997.365,XS
90,-6,997.37,XS
92,2,997.301,XS
92,1,997.299,XS
92,0,997.303,XS
92,-1,997.312,XS
92,-2,997.317,XS
91,-3,997.322,XS
91,-4,997.33,XS
91,-5,997.335,XS
91,-6,997.34,XS
93,2,997.269,XS
93,1,997.267,XS
93,0,997.27,XS
93,-1,997.28,XS
93,-2,997.285,XS
92,-3,997.291,XS
92,-4,997.296,XS
92,-5,997.304,XS
92,-6,997.309,XS
94,2,997.236,XS
94,1,997.234,XS
94,0,997.236,XS
94,-1,997.248,XS
94,-2,997.253,XS
93,-3,997.259,XS
93,-4,997.265,XS
93,-5,997.273,XS
93,-6,997.279,XS
95,2,997.205,XS
95,1,997.201,XS
95,0,997.201,XS
95,-1,997.213,XS
95,-2,997.219,XS
94,-3,997.225,XS
94,-4,997.231,XS
94,-5,997.238,XS
94,-6,997.248,XS
96,2,997.175,XS
96,1,997.168,XS
96,0,997.166,XS
96,-1,997.177,XS
96,-2,997.183,XS
95,-3,997.19,XS
95,-4,997.197,XS
95,-5,997.205,XS
95,-6,997.212,XS
97,2,997.145,XS
97,1,997.137,XS
97,0,997.132,XS
97,-1,997.141,XS
97,-2,997.147,XS
96,-3,997.155,XS
96,-4,997.163,XS
96,-5,997.171,XS
96,-6,997.18,XS
98,2,997.117,XS
98,1,997.106,XS
98,0,997.099,XS
98,-1,997.102,XS
98,-2,997.111,XS
97,-3,997.118,XS
97,-4,997.127,XS
97,-5,997.137,XS
97,-6,997.148,XS
97,-7,997.159,XS
99,2,997.09,XS
99,1,997.077,XS
99,0,997.066,XS
99,-1,997.065,XS
99,-2,997.074,XS
98,-3,997.082,XS
98,-4,997.091,XS
98,-5,997.102,XS
98,-6,997.114,XS
98,-7,997.127,XS
100,2,997.064,XS
100,1,997.049,XS
100,0,997.034,XS
100,-1,997.029,XS
100,-2,997.036,XS
99,-3,997.044,XS
99,-4,997.055,XS
99,-5,997.067,XS
99,-6,997.081,XS
99,-7,997.096,XS
101,2,997.038,XS
101,1,997.022,XS
101,0,997.004,XS
101,-1,996.993,XS
101,-2,996.996,XS
100,-3,997.007,XS
100,-4,997.017,XS
100,-5,997.031,XS
100,-6,997.047,XS
100,-7,997.064,XS
102,2,997.014,XS
102,1,996.997,XS
102,0,996.975,XS
102,-1,996.959,XS
102,-2,996.959,XS
101,-3,996.968,XS
101,-4,996.979,XS
101,-5,996.994,XS
101,-6,997.012,XS
101,-7,997.033,XS
103,2,996.99,XS
103,1,996.973,XS
103,0,996.949,XS
103,-1,996.925,XS
103,-2,996.923,XS
102,-3,996.93,XS
102,-4,996.941,XS
102,-5,996.956,XS
102,-6,996.976,XS
102,-7,997.0,XS
104,-2,996.888,XS
104,-3,996.892,XS
104,-4,996.902,XS
104,-5,996.918,XS
104,-6,996.94,XS
104,-7,996.968,XS
104,2,996.938,XS
104,1,996.923,XS
104,0,996.897,XS
104,-1,996.863,XS
105,-2,996.853,XS
105,-3,996.854,XS
105,-4,996.861,XS
105,-5,996.876,XS
105,-6,996.898,XS
105,-7,996.931,XS
105,2,996.909,XS
105,1,996.895,XS
105,0,996.87,XS
105,-1,996.833,XS
106,-2,996.819,XS
106,-3,996.817,XS
106,-4,996.821,XS
106,-5,996.833,XS
106,-6,996.855,XS
106,-7,996.891,XS
106,2,996.88,XS
106,1,996.866,XS
106,0,996.842,XS
106,-1,996.805,XS
107,-2,996.787,XS
107,-3,996.782,XS
107,-4,996.783,XS
107,-5,996.792,XS
107,-6,996.811,XS
107,-7,996.849,XS
107,2,996.85,XS
107,1,996.838,XS
107,0,996.815,XS
107,-1,996.776,XS
108,-2,996.757,XS
108,-3,996.749,XS
108,-4,996.747,XS
108,-5,996.752,XS
108,-6,996.769,XS
108,-7,996.807,XS
108,2,996.821,XS
108,1,996.809,XS
108,0,996.787,XS
108,-1,996.741,XS
109,-2,996.727,XS
109,-3,996.717,XS
109,-4,996.712,XS
109,-5,996.714,XS
109,-6,996.727,XS
109,-7,996.763,XS
109,2,996.792,XS
109,1,996.781,XS
109,0,996.75,XS
109,-1,996.713,XS
110,-2,996.699,XS
110,-3,996.687,XS
110,-4,996.679,XS
110,-5,996.677,XS
110,-6,996.686,XS
110,-7,996.719,XS
110,2,996.763,XS
110,1,996.742,XS
110,0,996.722,XS
110,-1,996.686,XS
111,-2,996.671,XS
111,-3,996.658,XS
111,-4,996.648,XS
111,-5,996.643,XS
111,-6,996.647,XS
111,-7,996.675,XS
111,2,996.734,XS
111,1,996.714,XS
111,0,996.695,XS
111,-1,996.66,XS
112,-2,996.644,XS
112,-3,996.63,XS
112,-4,996.618,XS
112,-5,996.61,XS
112,-6,996.61,XS
112,-7,996.632,XS
112,2,996.704,XS
112,1,996.686,XS
112,0,996.669,XS
112,-1,996.634,XS
113,-2,996.618,XS
113,-3,996.603,XS
113,-4,996.589,XS
113,-5,996.579,XS
113,-6,996.574,XS
113,-7,996.59,XS
113,2,996.675,XS
113,1,996.658,XS
113,0,996.642,XS
113,-1,996.609,XS
114,-2,996.592,XS
114,-3,996.577,XS
114,-4,996.562,XS
114,-5,996.549,XS
114,-6,996.541,XS
114,-7,996.55,XS
114,2,996.645,XS
114,1,996.629,XS
114,0,996.613,XS
114,-1,996.58,XS
115,-2,996.564,XS
115,-3,996.548,XS
115,-4,996.533,XS
115,-5,996.519,XS
115,-6,996.509,XS
115,-7,996.514,XS
115,2,996.615,XS
115,1,996.598,XS
115,0,996.582,XS
115,-1,996.549,XS
116,-2,996.532,XS
116,-3,996.516,XS
116,-4,996.5,XS
116,-5,996.486,XS
116,-6,996.476,XS
116,-7,996.481,XS
116,2,996.585,XS
116,1,996.568,XS
116,0,996.551,XS
116,-1,996.517,XS
117,-2,996.501,XS
117,-3,996.484,XS
117,-4,996.468,XS
117,-5,996.454,XS
117,-6,996.443,XS
117,-7,996.449,XS
117,2,996.554,XS
117,1,996.538,XS
117,0,996.521,XS
117,-1,996.486,XS
118,-2,996.469,XS
118,-3,996.453,XS
118,-4,996.436,XS
118,-5,996.422,XS
118,-6,996.411,XS
118,-7,996.417,XS
118,3,996.524,XS
118,2,996.516,XS
118,1,996.499,XS
118,0,996.481,XS
118,-1,996.447,XS
119,-1,996.438,XS
119,-2,996.43,XS
119,-3,996.413,XS
119,-4,996.397,XS
119,-5,996.384,XS
119,-6,996.378,XS
119,3,996.494,XS
119,2,996.486,XS
119,1,996.468,XS
119,0,996.451,XS
120,-1,996.407,XS
120,-2,996.399,XS
120,-3,996.382,XS
120,-4,996.366,XS
120,-5,996.353,XS
120,-6,996.347,XS
120,3,996.464,XS
120,2,996.455,XS
120,1,996.438,XS
120,0,996.421,XS
121,-1,996.377,XS
121,-2,996.368,XS
121,-3,996.352,XS
121,-4,996.336,XS
121,-5,996.322,XS
121,-6,996.316,XS
121,3,996.434,XS
121,2,996.425,XS
121,1,996.408,XS
121,0,996.39,XS
122,-1,996.347,XS
122,-2,996.338,XS
122,-3,996.321,XS
122,-4,996.305,XS
122,-5,996.292,XS
122,-6,996.286,XS
122,3,996.404,XS
122,2,996.395,XS
122,1,996.378,XS
122,0,996.36,XS
123,-1,996.317,XS
123,-2,996.308,XS
123,-3,996.291,XS
123,-4,996.276,XS
123,-5,996.262,XS
123,-6,996.256,XS
123,3,996.374,XS
123,2,996.365,XS
123,1,996.348,XS
123,0,996.331,XS
124,-1,996.287,XS
124,-2,996.279,XS
124,-3,996.262,XS
124,-4,996.246,XS
124,-5,996.233,XS
124,-6,996.227,XS
124,3,996.344,XS
124,2,996.335,XS
124,1,996.318,XS
124,0,996.292,XS
125,-1,996.258,XS
125,-2,996.241,XS
125,-3,996.225,XS
125,-4,996.21,XS
125,-5,996.199,XS
125,-6,996.205,XS
125,3,996.314,XS
125,2,996.297,XS
125,1,996.28,XS
125,0,996.263,XS
126,-1,996.229,XS
126,-2,996.212,XS
126,-3,996.196,XS
126,-4,996.181,XS
126,-5,996.171,XS
126,-6,996.176,XS
126,3,996.284,XS
126,2,996.267,XS
126,1,996.25,XS
126,0,996.233,XS
127,-1,996.2,XS
127,-2,996.183,XS
127,-3,996.167,XS
127,-4,996.153,XS
127,-5,996.143,XS
127,-6,996.148,XS
127,3,996.254,XS
127,2,996.237,XS
127,1,996.221,XS
127,0,996.204,XS
128,-1,996.171,XS
128,-2,996.155,XS
128,-3,996.139,XS
128,-4,996.125,XS
128,-5,996.115,XS
128,-6,996.12,XS
128,3,996.223,XS
128,2,996.207,XS
128,1,996.19,XS
128,0,996.174,XS
129,-1,996.141,XS
129,-2,996.125,XS
129,-3,996.11,XS
129,-4,996.096,XS
129,-5,996.087,XS
129,-6,996.094,XS
129,3,996.192,XS
129,2,996.175,XS
129,1,996.157,XS
129,0,996.139,XS
130,0,996.106,XS
130,-1,996.098,XS
130,-2,996.083,XS
130,-3,996.07,XS
130,-4,996.061,XS
130,-5,996.062,XS
130,4,996.162,XS
130,3,996.152,XS
130,2,996.133,XS
130,1,996.114,XS
131,0,996.071,XS
131,-1,996.064,XS
131,-2,996.05,XS
131,-3,996.039,XS
131,-4,996.033,XS
131,-5,996.039,XS
131,4,996.131,XS
131,3,996.12,XS
131,2,996.1,XS
131,1,996.08,XS
132,0,996.037,XS
132,-1,996.03,XS
132,-2,996.018,XS
132,-3,996.009,XS
132,-4,996.007,XS
132,-5,996.019,XS
132,4,996.1,XS
132,3,996.088,XS
132,2,996.067,XS
132,1,996.047,XS
133,0,996.004,XS
133,-1,995.998,XS
133,-2,995.987,XS
133,-3,995.981,XS
133,-4,995.983,XS
133,-5,996.0,XS
133,4,996.069,XS
133,3,996.057,XS
133,2,996.034,XS
133,1,996.013,XS
134,0,995.972,XS
134,-1,995.966,XS
134,-2,995.958,XS
134,-3,995.957,XS
134,-4,995.969,XS
134,-5,996.005,XS
134,4,996.037,XS
134,3,996.025,XS
134,2,996.001,XS
134,1,995.98,XS
135,0,995.941,XS
135,-1,995.933,XS
135,-2,995.93,XS
135,-3,995.934,XS
135,-4,995.95,XS
135,-5,995.989,XS
135,4,996.006,XS
135,3,995.993,XS
135,2,995.957,XS
135,1,995.938,XS
136,0,995.911,XS
136,-1,995.905,XS
136,-2,995.905,XS
136,-3,995.913,XS
136,-4,995.933,XS
136,-5,995.972,XS
136,4,995.975,XS
136,3,995.948,XS
136,2,995.924,XS
136,1,995.905,XS
137,0,995.882,XS
137,-1,995.879,XS
137,-2,995.883,XS
137,-3,995.894,XS
137,-4,995.916,XS
137,-5,995.954,XS
137,4,995.944,XS
137,3,995.915,XS
137,2,995.891,XS
137,1,995.873,XS
138,0,995.855,XS
138,-1,995.855,XS
138,-2,995.862,XS
138,-3,995.886,XS
138,-4,995.915,XS
-1,5,1000.13,RB
-1,4,1000.13,RB
0,5,1000.115,RB
1,5,1000.1,RB
2,6,1000.085,RB
3,6,1000.07,RB
4,6,1000.055,RB
5,6,1000.04,RB
6,6,1000.025,RB
7,6,1000.01,RB
8,6,999.995,RB
9,6,999.98,RB
10,6,999.965,RB
11,6,999.95,RB
12,6,999.935,RB
13,6,999.92,RB
14,6,999.905,RB
15,7,999.89,RB
16,7,999.875,RB
17,7,999.86,RB
18,7,999.845,RB
19,7,999.83,RB
20,7,999.815,RB
21,7,999.8,RB
22,7,999.785,RB
23,7,999.77,RB
24,7,999.755,RB
25,7,999.74,RB
26,7,999.725,RB
27,7,999.71,RB
28,8,999.695,RB
29,8,999.68,RB
30,8,999.665,RB
31,8,999.65,RB
32,8,999.635,RB
33,8,999.62,RB
34,8,999.605,RB
35,8,999.59,RB
36,8,999.575,RB
37,8,999.56,RB
38,8,999.545,RB
39,8,999.53,RB
40,8,999.515,RB
41,8,999.5,RB
42,8,999.485,RB
43,8,999.47,RB
44,8,999.455,RB
45,8,999.44,RB
46,8,999.425,RB
47,8,999.41,RB
48,8,999.395,RB
49,7,999.38,RB
50,7,999.365,RB
51,7,999.35,RB
52,7,999.335,RB
53,7,999.32,RB
54,7,999.305,RB
55,7,999.29,RB
56,7,999.275,RB
57,7,999.26,RB
58,7,999.245,RB
59,7,999.23,RB
60,7,999.215,RB
61,6,999.2,RB
62,6,999.185,RB
63,6,999.17,RB
64,6,999.155,RB
65,6,999.14,RB
66,6,999.125,RB
67,6,999.11,RB
68,6,999.095,RB
69,5,999.08,RB
70,5,999.065,RB
71,5,999.05,RB
72,5,999.035,RB
73,5,999.02,RB
74,5,999.005,RB
75,5,998.99,RB
76,4,998.975,RB
77,4,998.96,RB
78,4,998.945,RB
79,4,998.93,RB
80,4,998.915,RB
81,4,998.9,RB
82,4,998.885,RB
83,4,998.87,RB
84,4,998.855,RB
85,3,998.84,RB
86,3,998.825,RB
87,3,998.81,RB
88,3,998.795,RB
89,3,998.78,RB
90,3,998.765,RB
91,3,998.75,RB
92,3,998.735,RB
93,3,998.72,RB
94,3,998.705,RB
95,3,998.69,RB
96,3,998.675,RB
97,3,998.66,RB
98,3,998.645,RB
99,3,998.63,RB
100,3,998.615,RB
101,3,998.6,RB
102,3,998.585,RB
103,3,998.57,RB
104,3,998.555,RB
105,3,998.54,RB
106,3,998.525,RB
107,3,998.51,RB
108,3,998.495,RB
109,3,998.48,RB
110,3,998.465,RB
111,3,998.45,RB
112,3,998.435,RB
113,3,998.42,RB
114,3,998.405,RB
115,3,998.39,RB
116,3,998.375,RB
117,3,998.36,RB
118,4,998.345,RB
119,4,998.33,RB
120,4,998.315,RB
121,4,998.3,RB
122,4,998.285,RB
123,4,998.27,RB
124,4,998.255,RB
125,4,998.24,RB
126,4,998.225,RB
127,4,998.21,RB
128,4,998.195,RB
129,4,998.18,RB
130,5,998.165,RB
131,5,998.15,RB
132,5,998.135,RB
133,5,998.12,RB
134,5,998.105,RB
135,5,998.09,RB
136,5,998.075,RB
137,5,998.06,RB
137,4,998.06,RB
138,3,998.045,RB
0,-2,1000.115,RB
1,-5,1000.1,RB
1,-4,1000.1,RB
1,-3,1000.1,RB
2,-5,1000.085,RB
3,-5,1000.07,RB
4,-5,1000.055,RB
5,-5,1000.04,RB
6,-5,1000.025,RB
7,-4,1000.01,RB
8,-4,999.995,RB
9,-4,999.98,RB
10,-4,999.965,RB
11,-4,999.95,RB
12,-4,999.935,RB
13,-4,999.92,RB
14,-4,999.905,RB
15,-3,999.89,RB
16,-3,999.875,RB
17,-3,999.86,RB
18,-3,999.845,RB
19,-3,999.83,RB
20,-3,999.815,RB
21,-3,999.8,RB
22,-3,999.785,RB
23,-3,999.77,RB
24,-3,999.755,RB
25,-3,999.74,RB
26,-3,999.725,RB
27,-3,999.71,RB
28,-3,999.695,RB
29,-3,999.68,RB
30,-3,999.665,RB
31,-3,999.65,RB
32,-3,999.635,RB
33,-3,999.62,RB
34,-3,999.605,RB
35,-3,999.59,RB
36,-3,999.575,RB
37,-3,999.56,RB
38,-3,999.545,RB
39,-3,999.53,RB
40,-3,999.515,RB
41,-3,999.5,RB
42,-3,999.485,RB
43,-3,999.47,RB
44,-3,999.455,RB
45,-3,999.44,RB
46,-3,999.425,RB
47,-3,999.41,RB
48,-3,999.395,RB
49,-3,999.38,RB
50,-4,999.365,RB
51,-4,999.35,RB
52,-4,999.335,RB
53,-4,999.32,RB
54,-4,999.305,RB
55,-4,999.29,RB
56,-4,999.275,RB
57,-4,999.26,RB
58,-4,999.245,RB
59,-4,999.23,RB
60,-4,999.215,RB
61,-5,999.2,RB
62,-5,999.185,RB
63,-5,999.17,RB
64,-5,999.155,RB
65,-5,999.14,RB
66,-5,999.125,RB
67,-5,999.11,RB
68,-5,999.095,RB
69,-5,999.08,RB
70,-5,999.065,RB
71,-5,999.05,RB
72,-6,999.035,RB
73,-6,999.02,RB
74,-6,999.005,RB
75,-6,998.99,RB
76,-6,998.975,RB
77,-6,998.96,RB
78,-6,998.945,RB
79,-6,998.93,RB
80,-6,998.915,RB
81,-6,998.9,RB
82,-6,998.885,RB
83,-6,998.87,RB
84,-7,998.855,RB
85,-7,998.84,RB
86,-7,998.825,RB
87,-7,998.81,RB
88,-7,998.795,RB
89,-7,998.78,RB
90,-7,998.765,RB
91,-7,998.75,RB
92,-7,998.735,RB
93,-7,998.72,RB
94,-7,998.705,RB
95,-7,998.69,RB
96,-7,998.675,RB
97,-7,998.66,RB
98,-8,998.645,RB
99,-8,998.63,RB
100,-8,998.615,RB
101,-8,998.6,RB
102,-8,998.585,RB
103,-8,998.57,RB
104,-8,998.555,RB
105,-8,998.54,RB
106,-8,998.525,RB
107,-8,998.51,RB
108,-8,998.495,RB
109,-8,998.48,RB
110,-8,998.465,RB
111,-8,998.45,RB
112,-8,998.435,RB
113,-8,998.42,RB
114,-8,998.405,RB
115,-8,998.39,RB
116,-8,998.375,RB
117,-8,998.36,RB
118,-8,998.345,RB
119,-7,998.33,RB
120,-7,998.315,RB
121,-7,998.3,RB
122,-7,998.285,RB
123,-7,998.27,RB
124,-7,998.255,RB
125,-7,998.24,RB
126,-7,998.225,RB
127,-7,998.21,RB
128,-7,998.195,RB
129,-7,998.18,RB
130,-7,998.165,RB
131,-6,998.15,RB
132,-6,998.135,RB
133,-6,998.12,RB
134,-6,998.105,RB
135,-6,998.09,RB
136,-6,998.075,RB
137,-6,998.06,RB
138,-6,998.045,RB
139,-5,998.03,RB
139,-4,998.03,RB
139,-3,998.03,RB
0.0,11.0,1005.115,VL
1.0,11.09,1005.1,VL
2.0,11.18,1005.085,VL
3.0,11.27,1005.07,VL
4.0,11.36,1005.055,VL
5.0,11.448,1005.04,VL
6.0,11.536,1005.025,VL
7.0,11.622,1005.01,VL
8.0,11.707,1004.995,VL
9.0,11.791,1004.98,VL
10.0,11.873,1004.965,VL
11.0,11.954,1004.95,VL
12.0,12.032,1004.935,VL
13.0,12.109,1004.92,VL
14.0,12.183,1004.905,VL
15.0,12.254,1004.89,VL
16.0,12.324,1004.875,VL
17.0,12.39,1004.86,VL
18.0,12.453,1004.845,VL
19.0,12.514,1004.83,VL
20.0,12.572,1004.815,VL
21.0,12.626,1004.8,VL
22.0,12.677,1004.785,VL
23.0,12.724,1004.77,VL
24.0,12.768,1004.755,VL
25.0,12.809,1004.74,VL
26.0,12.845,1004.725,VL
27.0,12.878,1004.71,VL
28.0,12.907,1004.695,VL
29.0,12.933,1004.68,VL
30.0,12.954,1004.665,VL
31.0,12.971,1004.65,VL
32.0,12.984,1004.635,VL
33.0,12.994,1004.62,VL
34.0,12.999,1004.605,VL
35.0,13.0,1004.59,VL
36.0,12.997,1004.575,VL
37.0,12.99,1004.56,VL
38.0,12.978,1004.545,VL
39.0,12.963,1004.53,VL
40.0,12.944,1004.515,VL
41.0,12.921,1004.5,VL
42.0,12.893,1004.485,VL
43.0,12.862,1004.47,VL
44.0,12.828,1004.455,VL
45.0,12.789,1004.44,VL
46.0,12.747,1004.425,VL
47.0,12.701,1004.41,VL
48.0,12.652,1004.395,VL
49.0,12.599,1004.38,VL
50.0,12.543,1004.365,VL
51.0,12.484,1004.35,VL
52.0,12.422,1004.335,VL
53.0,12.357,1004.32,VL
54.0,12.289,1004.305,VL
55.0,12.219,1004.29,VL
56.0,12.146,1004.275,VL
57.0,12.071,1004.26,VL
58.0,11.993,1004.245,VL
59.0,11.914,1004.23,VL
60.0,11.833,1004.215,VL
61.0,11.75,1004.2,VL
62.0,11.665,1004.185,VL
63.0,11.579,1004.17,VL
64.0,11.492,1004.155,VL
65.0,11.404,1004.14,VL
66.0,11.315,1004.125,VL
67.0,11.225,1004.11,VL
68.0,11.135,1004.095,VL
69.0,11.045,1004.08,VL
70.0,10.955,1004.065,VL
71.0,10.864,1004.05,VL
72.0,10.774,1004.035,VL
73.0,10.685,1004.02,VL
74.0,10.596,1004.005,VL
75.0,10.508,1003.99,VL
76.0,10.421,1003.975,VL
77.0,10.335,1003.96,VL
78.0,10.25,1003.945,VL
79.0,10.167,1003.93,VL
80.0,10.086,1003.915,VL
81.0,10.006,1003.9,VL
82.0,9.929,1003.885,VL
83.0,9.854,1003.87,VL
84.0,9.781,1003.855,VL
85.0,9.71,1003.84,VL
86.0,9.643,1003.825,VL
87.0,9.578,1003.81,VL
88.0,9.516,1003.795,VL
89.0,9.457,1003.78,VL
90.0,9.401,1003.765,VL
91.0,9.348,1003.75,VL
92.0,9.299,1003.735,VL
93.0,9.253,1003.72,VL
94.0,9.211,1003.705,VL
95.0,9.172,1003.69,VL
96.0,9.137,1003.675,VL
97.0,9.106,1003.66,VL
98.0,9.079,1003.645,VL
99.0,9.056,1003.63,VL
100.0,9.037,1003.615,VL
101.0,9.021,1003.6,VL
102.0,9.01,1003.585,VL
103.0,9.003,1003.57,VL
104.0,9.0,1003.555,VL
105.0,9.001,1003.54,VL
106.0,9.006,1003.525,VL
107.0,9.015,1003.51,VL
108.0,9.029,1003.495,VL
109.0,9.046,1003.48,VL
110.0,9.067,1003.465,VL
111.0,9.092,1003.45,VL
112.0,9.121,1003.435,VL
113.0,9.154,1003.42,VL
114.0,9.191,1003.405,VL
115.0,9.231,1003.39,VL
116.0,9.275,1003.375,VL
117.0,9.323,1003.36,VL
118.0,9.374,1003.345,VL
119.0,9.428,1003.33,VL
120.0,9.486,1003.315,VL
121.0,9.546,1003.3,VL
122.0,9.61,1003.285,VL
123.0,9.676,1003.27,VL
124.0,9.745,1003.255,VL
125.0,9.817,1003.24,VL
126.0,9.891,1003.225,VL
127.0,9.967,1003.21,VL
128.0,10.046,1003.195,VL
129.0,10.126,1003.18,VL
130.0,10.208,1003.165,VL
131.0,10.292,1003.15,VL
132.0,10.378,1003.135,VL
133.0,10.464,1003.12,VL
134.0,10.552,1003.105,VL
135.0,10.64,1003.09,VL
136.0,10.729,1003.075,VL
137.0,10.819,1003.06,VL
138.0,10.909,1003.045,VL
138.0,10.909,1003.045,VL
0.0,16.0,1010.115,VL
1.0,16.09,1010.1,VL
2.0,16.18,1010.085,VL
3.0,16.27,1010.07,VL
4.0,16.36,1010.055,VL
5.0,16.448,1010.04,VL
6.0,16.536,1010.025,VL
7.0,16.622,1010.01,VL
8.0,16.707,1009.995,VL
9.0,16.791,1009.98,VL
10.0,16.873,1009.965,VL
11.0,16.954,1009.95,VL
12.0,17.032,1009.935,VL
13.0,17.109,1009.92,VL
14.0,17.183,1009.905,VL
15.0,17.254,1009.89,VL
16.0,17.324,1009.875,VL
17.0,17.39,1009.86,VL
18.0,17.453,1009.845,VL
19.0,17.514,1009.83,VL
20.0,17.572,1009.815,VL
21.0,17.626,1009.8,VL
22.0,17.677,1009.785,VL
23.0,17.724,1009.77,VL
24.0,17.768,1009.755,VL
25.0,17.809,1009.74,VL
26.0,17.845,1009.725,VL
27.0,17.878,1009.71,VL
28.0,17.907,1009.695,VL
29.0,17.933,1009.68,VL
30.0,17.954,1009.665,VL
31.0,17.971,1009.65,VL
32.0,17.984,1009.635,VL
33.0,17.994,1009.62,VL
34.0,17.999,1009.605,VL
35.0,18.0,1009.59,VL
36.0,17.997,1009.575,VL
37.0,17.99,1009.56,VL
38.0,17.978,1009.545,VL
39.0,17.963,1009.53,VL
40.0,17.944,1009.515,VL
41.0,17.921,1009.5,VL
42.0,17.893,1009.485,VL
43.0,17.862,1009.47,VL
44.0,17.828,1009.455,VL
45.0,17.789,1009.44,VL
46.0,17.747,1009.425,VL
47.0,17.701,1009.41,VL
48.0,17.652,1009.395,VL
49.0,17.599,1009.38,VL
50.0,17.543,1009.365,VL
51.0,17.484,1009.35,VL
52.0,17.422,1009.335,VL
53.0,17.357,1009.32,VL
54.0,17.289,1009.305,VL
55.0,17.219,1009.29,VL
56.0,17.146,1009.275,VL
57.0,17.071,1009.26,VL
58.0,16.993,1009.245,VL
59.0,16.914,1009.23,VL
60.0,16.833,1009.215,VL
61.0,16.75,1009.2,VL
62.0,16.665,1009.185,VL
63.0,16.579,1009.17,VL
64.0,16.492,1009.155,VL
65.0,16.404,1009.14,VL
66.0,16.315,1009.125,VL
67.0,16.225,1009.11,VL
68.0,16.135,1009.095,VL
69.0,16.045,1009.08,VL
70.0,15.955,1009.065,VL
71.0,15.864,1009.05,VL
72.0,15.774,1009.035,VL
73.0,15.685,1009.02,VL
74.0,15.596,1009.005,VL
75.0,15.508,1008.99,VL
76.0,15.421,1008.975,VL
77.0,15.335,1008.96,VL
78.0,15.25,1008.945,VL
79.0,15.167,1008.93,VL
80.0,15.086,1008.915,VL
81.0,15.006,1008.9,VL
82.0,14.929,1008.885,VL
83.0,14.854,1008.87,VL
84.0,14.781,1008.855,VL
85.0,14.71,1008.84,VL
86.0,14.643,1008.825,VL
87.0,14.578,1008.81,VL
88.0,14.516,1008.795,VL
89.0,14.457,1008.78,VL
90.0,14.401,1008.765,VL
91.0,14.348,1008.75,VL
92.0,14.299,1008.735,VL
93.0,14.253,1008.72,VL
94.0,14.211,1008.705,VL
95.0,14.172,1008.69,VL
96.0,14.137,1008.675,VL
97.0,14.106,1008.66,VL
98.0,14.079,1008.645,VL
99.0,14.056,1008.63,VL
100.0,14.037,1008.615,VL
101.0,14.021,1008.6,VL
102.0,14.01,1008.585,VL
103.0,14.003,1008.57,VL
104.0,14.0,1008.555,VL
105.0,14.001,1008.54,VL
106.0,14.006,1008.525,VL
107.0,14.015,1008.51,VL
108.0,14.029,1008.495,VL
109.0,14.046,1008.48,VL
110.0,14.067,1008.465,VL
111.0,14.092,1008.45,VL
112.0,14.121,1008.435,VL
113.0,14.154,1008.42,VL
114.0,14.191,1008.405,VL
115.0,14.231,1008.39,VL
116.0,14.275,1008.375,VL
117.0,14.323,1008.36,VL
118.0,14.374,1008.345,VL
119.0,14.428,1008.33,VL
120.0,14.486,1008.315,VL
121.0,14.546,1008.3,VL
122.0,14.61,1008.285,VL
123.0,14.676,1008.27,VL
124.0,14.745,1008.255,VL
125.0,14.817,1008.24,VL
126.0,14.891,1008.225,VL
127.0,14.967,1008.21,VL
128.0,15.046,1008.195,VL
129.0,15.126,1008.18,VL
130.0,15.208,1008.165,VL
131.0,15.292,1008.15,VL
132.0,15.378,1008.135,VL
133.0,15.464,1008.12,VL
134.0,15.552,1008.105,VL
135.0,15.64,1008.09,VL
136.0,15.729,1008.075,VL
137.0,15.819,1008.06,VL
138.0,15.909,1008.045,VL
138.0,15.909,1008.045,VL
0.0,23.0,1010.115,VL
1.0,23.0,1010.1,VL
2.0,23.0,1010.085,VL
3.0,23.0,1010.07,VL
4.0,23.0,1010.055,VL
5.0,23.0,1010.04,VL
6.0,23.0,1010.025,VL
7.0,23.0,1010.01,VL
8.0,23.0,1009.995,VL
9.0,23.0,1009.98,VL
10.0,23.0,1009.965,VL
11.0,23.0,1009.95,VL
12.0,23.0,1009.935,VL
13.0,23.0,1009.92,VL
14.0,23.0,1009.905,VL
15.0,23.0,1009.89,VL
16.0,23.0,1009.875,VL
17.0,23.0,1009.86,VL
18.0,23.0,1009.845,VL
19.0,23.0,1009.83,VL
20.0,23.0,1009.815,VL
21.0,23.0,1009.8,VL
22.0,23.0,1009.785,VL
23.0,23.0,1009.77,VL
24.0,23.0,1009.755,VL
25.0,23.0,1009.74,VL
26.0,23.0,1009.725,VL
27.0,23.0,1009.71,VL
28.0,23.0,1009.695,VL
29.0,23.0,1009.68,VL
30.0,23.0,1009.665,VL
31.0,23.0,1009.65,VL
32.0,23.0,1009.635,VL
33.0,23.0,1009.62,VL
34.0,23.0,1009.605,VL
35.0,23.0,1009.59,VL
36.0,23.0,1009.575,VL
37.0,23.0,1009.56,VL
38.0,23.0,1009.545,VL
39.0,23.0,1009.53,VL
40.0,23.0,1009.515,VL
41.0,23.0,1009.5,VL
42.0,23.0,1009.485,VL
43.0,23.0,1009.47,VL
44.0,23.0,1009.455,VL
45.0,23.0,1009.44,VL
46.0,23.0,1009.425,VL
47.0,23.0,1009.41,VL
48.0,23.0,1009.395,VL
49.0,23.0,1009.38,VL
50.0,23.0,1009.365,VL
51.0,23.0,1009.35,VL
52.0,23.0,1009.335,VL
53.0,23.0,1009.32,VL
54.0,23.0,1009.305,VL
55.0,23.0,1009.29,VL
56.0,23.0,1009.275,VL
57.0,23.0,1009.26,VL
58.0,23.0,1009.245,VL
59.0,23.0,1009.23,VL
60.0,23.0,1009.215,VL
61.0,23.0,1009.2,VL
62.0,23.0,1009.185,VL
63.0,23.0,1009.17,VL
64.0,23.0,1009.155,VL
65.0,23.0,1009.14,VL
66.0,23.0,1009.125,VL
67.0,23.0,1009.11,VL
68.0,23.0,1009.095,VL
69.0,23.0,1009.08,VL
70.0,23.0,1009.065,VL
71.0,23.0,1009.05,VL
72.0,23.0,1009.035,VL
73.0,23.0,1009.02,VL
74.0,23.0,1009.005,VL
75.0,23.0,1008.99,VL
76.0,23.0,1008.975,VL
77.0,23.0,1008.96,VL
78.0,23.0,1008.945,VL
79.0,23.0,1008.93,VL
80.0,23.0,1008.915,VL
81.0,23.0,1008.9,VL
82.0,23.0,1008.885,VL
83.0,23.0,1008.87,VL
84.0,23.0,1008.855,VL
85.0,23.0,1008.84,VL
86.0,23.0,1008.825,VL
87.0,23.0,1008.81,VL
88.0,23.0,1008.795,VL
89.0,23.0,1008.78,VL
90.0,23.0,1008.765,VL
91.0,23.0,1008.75,VL
92.0,23.0,1008.735,VL
93.0,23.0,1008.72,VL
94.0,23.0,1008.705,VL
95.0,23.0,1008.69,VL
96.0,23.0,1008.675,VL
97.0,23.0,1008.66,VL
98.0,23.0,1008.645,VL
99.0,23.0,1008.63,VL
100.0,23.0,1008.615,VL
101.0,23.0,1008.6,VL
102.0,23.0,1008.585,VL
103.0,23.0,1008.57,VL
104.0,23.0,1008.555,VL
105.0,23.0,1008.54,VL
106.0,23.0,1008.525,VL
107.0,23.0,1008.51,VL
108.0,23.0,1008.495,VL
109.0,23.0,1008.48,VL
110.0,23.0,1008.465,VL
111.0,23.0,1008.45,VL
112.0,23.0,1008.435,VL
113.0,23.0,1008.42,VL
114.0,23.0,1008.405,VL
115.0,23.0,1008.39,VL
116.0,23.0,1008.375,VL
117.0,23.0,1008.36,VL
118.0,23.0,1008.345,VL
119.0,23.0,1008.33,VL
120.0,23.0,1008.315,VL
121.0,23.0,1008.3,VL
122.0,23.0,1008.285,VL
123.0,23.0,1008.27,VL
124.0,23.0,1008.255,VL
125.0,23.0,1008.24,VL
126.0,23.0,1008.225,VL
127.0,23.0,1008.21,VL
128.0,23.0,1008.195,VL
129.0,23.0,1008.18,VL
130.0,23.0,1008.165,VL
131.0,23.0,1008.15,VL
132.0,23.0,1008.135,VL
133.0,23.0,1008.12,VL
134.0,23.0,1008.105,VL
135.0,23.0,1008.09,VL
136.0,23.0,1008.075,VL
137.0,23.0,1008.06,VL
138.0,23.0,1008.045,VL
138.0,23.0,1008.045,VL
0.0,-10.999,1005.115,VL
1.0,-11.126,1005.1,VL
2.0,-11.252,1005.085,VL
3.0,-11.377,1005.07,VL
4.0,-11.5,1005.055,VL
5.0,-11.621,1005.04,VL
6.0,-11.74,1005.025,VL
7.0,-11.856,1005.01,VL
8.0,-11.969,1004.995,VL
9.0,-12.078,1004.98,VL
10.0,-12.182,1004.965,VL
11.0,-12.282,1004.95,VL
12.0,-12.376,1004.935,VL
13.0,-12.465,1004.92,VL
14.0,-12.548,1004.905,VL
15.0,-12.625,1004.89,VL
16.0,-12.695,1004.875,VL
17.0,-12.759,1004.86,VL
18.0,-12.816,1004.845,VL
19.0,-12.865,1004.83,VL
20.0,-12.907,1004.815,VL
21.0,-12.941,1004.8,VL
22.0,-12.967,1004.785,VL
23.0,-12.986,1004.77,VL
24.0,-12.996,1004.755,VL
25.0,-12.999,1004.74,VL
26.0,-12.994,1004.725,VL
27.0,-12.98,1004.71,VL
28.0,-12.959,1004.695,VL
29.0,-12.93,1004.68,VL
30.0,-12.893,1004.665,VL
31.0,-12.848,1004.65,VL
32.0,-12.796,1004.635,VL
33.0,-12.737,1004.62,VL
34.0,-12.671,1004.605,VL
35.0,-12.598,1004.59,VL
36.0,-12.519,1004.575,VL
37.0,-12.434,1004.56,VL
38.0,-12.343,1004.545,VL
39.0,-12.247,1004.53,VL
40.0,-12.145,1004.515,VL
41.0,-12.039,1004.5,VL
42.0,-11.929,1004.485,VL
43.0,-11.815,1004.47,VL
44.0,-11.698,1004.455,VL
45.0,-11.578,1004.44,VL
46.0,-11.456,1004.425,VL
47.0,-11.332,1004.41,VL
48.0,-11.207,1004.395,VL
49.0,-11.08,1004.38,VL
50.0,-10.954,1004.365,VL
51.0,-10.828,1004.35,VL
52.0,-10.702,1004.335,VL
53.0,-10.577,1004.32,VL
54.0,-10.455,1004.305,VL
55.0,-10.334,1004.29,VL
56.0,-10.216,1004.275,VL
57.0,-10.101,1004.26,VL
58.0,-9.99,1004.245,VL
59.0,-9.883,1004.23,VL
60.0,-9.78,1004.215,VL
61.0,-9.682,1004.2,VL
62.0,-9.59,1004.185,VL
63.0,-9.503,1004.17,VL
64.0,-9.422,1004.155,VL
65.0,-9.347,1004.14,VL
66.0,-9.279,1004.125,VL
67.0,-9.218,1004.11,VL
68.0,-9.164,1004.095,VL
69.0,-9.118,1004.08,VL
70.0,-9.078,1004.065,VL
71.0,-9.047,1004.05,VL
72.0,-9.023,1004.035,VL
73.0,-9.008,1004.02,VL
74.0,-9.0,1004.005,VL
75.0,-9.0,1003.99,VL
76.0,-9.009,1003.975,VL
77.0,-9.025,1003.96,VL
78.0,-9.049,1003.945,VL
79.0,-9.081,1003.93,VL
80.0,-9.121,1003.915,VL
81.0,-9.168,1003.9,VL
82.0,-9.222,1003.885,VL
83.0,-9.284,1003.87,VL
84.0,-9.352,1003.855,VL
85.0,-9.427,1003.84,VL
86.0,-9.509,1003.825,VL
87.0,-9.596,1003.81,VL
88.0,-9.689,1003.795,VL
89.0,-9.787,1003.78,VL
90.0,-9.89,1003.765,VL
91.0,-9.998,1003.75,VL
92.0,-10.109,1003.735,VL
93.0,-10.224,1003.72,VL
94.0,-10.343,1003.705,VL
95.0,-10.463,1003.69,VL
96.0,-10.586,1003.675,VL
97.0,-10.711,1003.66,VL
98.0,-10.837,1003.645,VL
99.0,-10.963,1003.63,VL
100.0,-11.09,1003.615,VL
101.0,-11.216,1003.6,VL
102.0,-11.341,1003.585,VL
103.0,-11.465,1003.57,VL
104.0,-11.587,1003.555,VL
105.0,-11.707,1003.54,VL
106.0,-11.824,1003.525,VL
107.0,-11.937,1003.51,VL
108.0,-12.047,1003.495,VL
109.0,-12.153,1003.48,VL
110.0,-12.254,1003.465,VL
111.0,-12.35,1003.45,VL
112.0,-12.44,1003.435,VL
113.0,-12.525,1003.42,VL
114.0,-12.604,1003.405,VL
115.0,-12.676,1003.39,VL
116.0,-12.742,1003.375,VL
117.0,-12.8,1003.36,VL
118.0,-12.852,1003.345,VL
119.0,-12.896,1003.33,VL
120.0,-12.932,1003.315,VL
121.0,-12.961,1003.3,VL
122.0,-12.981,1003.285,VL
123.0,-12.994,1003.27,VL
124.0,-12.999,1003.255,VL
125.0,-12.996,1003.24,VL
126.0,-12.985,1003.225,VL
127.0,-12.966,1003.21,VL
128.0,-12.939,1003.195,VL
129.0,-12.904,1003.18,VL
130.0,-12.862,1003.165,VL
131.0,-12.812,1003.15,VL
132.0,-12.755,1003.135,VL
133.0,-12.691,1003.12,VL
134.0,-12.62,1003.105,VL
135.0,-12.542,1003.09,VL
136.0,-12.459,1003.075,VL
137.0,-12.37,1003.06,VL
138.0,-12.275,1003.045,VL
138.0,-12.275,1003.045,VL
0.0,-15.999,1010.115,VL
1.0,-16.126,1010.1,VL
2.0,-16.252,1010.085,VL
3.0,-16.377,1010.07,VL
4.0,-16.5,1010.055,VL
5.0,-16.621,1010.04,VL
6.0,-16.74,1010.025,VL
7.0,-16.856,1010.01,VL
8.0,-16.969,1009.995,VL
9.0,-17.078,1009.98,VL
10.0,-17.182,1009.965,VL
11.0,-17.282,1009.95,VL
12.0,-17.376,1009.935,VL
13.0,-17.465,1009.92,VL
14.0,-17.548,1009.905,VL
15.0,-17.625,1009.89,VL
16.0,-17.695,1009.875,VL
17.0,-17.759,1009.86,VL
18.0,-17.816,1009.845,VL
19.0,-17.865,1009.83,VL
20.0,-17.907,1009.815,VL
21.0,-17.941,1009.8,VL
22.0,-17.967,1009.785,VL
23.0,-17.986,1009.77,VL
24.0,-17.996,1009.755,VL
25.0,-17.999,1009.74,VL
26.0,-17.994,1009.725,VL
27.0,-17.98,1009.71,VL
28.0,-17.959,1009.695,VL
29.0,-17.93,1009.68,VL
30.0,-17.893,1009.665,VL
31.0,-17.848,1009.65,VL
32.0,-17.796,1009.635,VL
33.0,-17.737,1009.62,VL
34.0,-17.671,1009.605,VL
35.0,-17.598,1009.59,VL
36.0,-17.519,1009.575,VL
37.0,-17.434,1009.56,VL
38.0,-17.343,1009.545,VL
39.0,-17.247,1009.53,VL
40.0,-17.145,1009.515,VL
41.0,-17.039,1009.5,VL
42.0,-16.929,1009.485,VL
43.0,-16.815,1009.47,VL
44.0,-16.698,1009.455,VL
45.0,-16.578,1009.44,VL
46.0,-16.456,1009.425,VL
47.0,-16.332,1009.41,VL
48.0,-16.207,1009.395,VL
49.0,-16.08,1009.38,VL
50.0,-15.954,1009.365,VL
51.0,-15.828,1009.35,VL
52.0,-15.702,1009.335,VL
53.0,-15.577,1009.32,VL
54.0,-15.455,1009.305,VL
55.0,-15.334,1009.29,VL
56.0,-15.216,1009.275,VL
57.0,-15.101,1009.26,VL
58.0,-14.99,1009.245,VL
59.0,-14.883,1009.23,VL
60.0,-14.78,1009.215,VL
61.0,-14.682,1009.2,VL
62.0,-14.59,1009.185,VL
63.0,-14.503,1009.17,VL
64.0,-14.422,1009.155,VL
65.0,-14.347,1009.14,VL
66.0,-14.279,1009.125,VL
67.0,-14.218,1009.11,VL
68.0,-14.164,1009.095,VL
69.0,-14.118,1009.08,VL
70.0,-14.078,1009.065,VL
71.0,-14.047,1009.05,VL
72.0,-14.023,1009.035,VL
73.0,-14.008,1009.02,VL
74.0,-14.0,1009.005,VL
75.0,-14.0,1008.99,VL
76.0,-14.009,1008.975,VL
77.0,-14.025,1008.96,VL
78.0,-14.049,1008.945,VL
79.0,-14.081,1008.93,VL
80.0,-14.121,1008.915,VL
81.0,-14.168,1008.9,VL
82.0,-14.222,1008.885,VL
83.0,-14.284,1008.87,VL
84.0,-14.352,1008.855,VL
85.0,-14.427,1008.84,VL
86.0,-14.509,1008.825,VL
87.0,-14.596,1008.81,VL
88.0,-14.689,1008.795,VL
89.0,-14.787,1008.78,VL
90.0,-14.89,1008.765,VL
91.0,-14.998,1008.75,VL
92.0,-15.109,1008.735,VL
93.0,-15.224,1008.72,VL
94.0,-15.343,1008.705,VL
95.0,-15.463,1008.69,VL
96.0,-15.586,1008.675,VL
97.0,-15.711,1008.66,VL
98.0,-15.837,1008.645,VL
99.0,-15.963,1008.63,VL
100.0,-16.09,1008.615,VL
101.0,-16.216,1008.6,VL
102.0,-16.341,1008.585,VL
103.0,-16.465,1008.57,VL
104.0,-16.587,1008.555,VL
105.0,-16.707,1008.54,VL
106.0,-16.824,1008.525,VL
107.0,-16.937,1008.51,VL
108.0,-17.047,1008.495,VL
109.0,-17.153,1008.48,VL
110.0,-17.254,1008.465,VL
111.0,-17.35,1008.45,VL
112.0,-17.44,1008.435,VL
113.0,-17.525,1008.42,VL
114.0,-17.604,1008.405,VL
115.0,-17.676,1008.39,VL
116.0,-17.742,1008.375,VL
117.0,-17.8,1008.36,VL
118.0,-17.852,1008.345,VL
119.0,-17.896,1008.33,VL
120.0,-17.932,1008.315,VL
121.0,-17.961,1008.3,VL
122.0,-17.981,1008.285,VL
123.0,-17.994,1008.27,VL
124.0,-17.999,1008.255,VL
125.0,-17.996,1008.24,VL
126.0,-17.985,1008.225,VL
127.0,-17.966,1008.21,VL
128.0,-17.939,1008.195,VL
129.0,-17.904,1008.18,VL
130.0,-17.862,1008.165,VL
131.0,-17.812,1008.15,VL
132.0,-17.755,1008.135,VL
133.0,-17.691,1008.12,VL
134.0,-17.62,1008.105,VL
135.0,-17.542,1008.09,VL
136.0,-17.459,1008.075,VL
137.0,-17.37,1008.06,VL
138.0,-17.275,1008.045,VL
138.0,-17.275,1008.045,VL
0.0,-22.999,1010.115,VL
1.0,-22.999,1010.1,VL
2.0,-22.999,1010.085,VL
3.0,-22.999,1010.07,VL
4.0,-22.999,1010.055,VL
5.0,-22.999,1010.04,VL
6.0,-22.999,1010.025,VL
7.0,-22.999,1010.01,VL
8.0,-22.999,1009.995,VL
9.0,-22.999,1009.98,VL
10.0,-22.999,1009.965,VL
11.0,-22.999,1009.95,VL
12.0,-22.999,1009.935,VL
13.0,-22.999,1009.92,VL
14.0,-22.999,1009.905,VL
15.0,-22.999,1009.89,VL
16.0,-22.999,1009.875,VL
17.0,-22.999,1009.86,VL
18.0,-22.999,1009.845,VL
19.0,-22.999,1009.83,VL
20.0,-22.999,1009.815,VL
21.0,-22.999,1009.8,VL
22.0,-22.999,1009.785,VL
23.0,-22.999,1009.77,VL
24.0,-22.999,1009.755,VL
25.0,-22.999,1009.74,VL
26.0,-22.999,1009.725,VL
27.0,-22.999,1009.71,VL
28.0,-22.999,1009.695,VL
29.0,-22.999,1009.68,VL
30.0,-22.999,1009.665,VL
31.0,-22.999,1009.65,VL
32.0,-22.999,1009.635,VL
33.0,-22.999,1009.62,VL
34.0,-22.999,1009.605,VL
35.0,-22.999,1009.59,VL
36.0,-22.999,1009.575,VL
37.0,-22.999,1009.56,VL
38.0,-22.999,1009.545,VL
39.0,-22.999,1009.53,VL
40.0,-22.999,1009.515,VL
41.0,-22.999,1009.5,VL
42.0,-22.999,1009.485,VL
43.0,-22.999,1009.47,VL
44.0,-22.999,1009.455,VL
45.0,-22.999,1009.44,VL
46.0,-22.999,1009.425,VL
47.0,-22.999,1009.41,VL
48.0,-22.999,1009.395,VL
49.0,-22.999,1009.38,VL
50.0,-22.999,1009.365,VL
51.0,-22.999,1009.35,VL
52.0,-22.999,1009.335,VL
53.0,-22.999,1009.32,VL
54.0,-22.999,1009.305,VL
55.0,-22.999,1009.29,VL
56.0,-22.999,1009.275,VL
57.0,-22.999,1009.26,VL
58.0,-22.999,1009.245,VL
59.0,-22.999,1009.23,VL
60.0,-22.999,1009.215,VL
61.0,-22.999,1009.2,VL
62.0,-22.999,1009.185,VL
63.0,-22.999,1009.17,VL
64.0,-22.999,1009.155,VL
65.0,-22.999,1009.14,VL
66.0,-22.999,1009.125,VL
67.0,-22.999,1009.11,VL
68.0,-22.999,1009.095,VL
69.0,-22.999,1009.08,VL
70.0,-22.999,1009.065,VL
71.0,-22.999,1009.05,VL
72.0,-22.999,1009.035,VL
73.0,-22.999,1009.02,VL
74.0,-22.999,1009.005,VL
75.0,-22.999,1008.99,VL
76.0,-22.999,1008.975,VL
77.0,-22.999,1008.96,VL
78.0,-22.999,1008.945,VL
79.0,-22.999,1008.93,VL
80.0,-22.999,1008.915,VL
81.0,-22.999,1008.9,VL
82.0,-22.999,1008.885,VL
83.0,-22.999,1008.87,VL
84.0,-22.999,1008.855,VL
85.0,-22.999,1008.84,VL
86.0,-22.999,1008.825,VL
87.0,-22.999,1008.81,VL
88.0,-22.999,1008.795,VL
89.0,-22.999,1008.78,VL
90.0,-22.999,1008.765,VL
91.0,-22.999,1008.75,VL
92.0,-22.999,1008.735,VL
93.0,-22.999,1008.72,VL
94.0,-22.999,1008.705,VL
95.0,-22.999,1008.69,VL
96.0,-22.999,1008.675,VL
97.0,-22.999,1008.66,VL
98.0,-22.999,1008.645,VL
99.0,-22.999,1008.63,VL
100.0,-22.999,1008.615,VL
101.0,-22.999,1008.6,VL
102.0,-22.999,1008.585,VL
103.0,-22.999,1008.57,VL
104.0,-22.999,1008.555,VL
105.0,-22.999,1008.54,VL
106.0,-22.999,1008.525,VL
107.0,-22.999,1008.51,VL
108.0,-22.999,1008.495,VL
109.0,-22.999,1008.48,VL
110.0,-22.999,1008.465,VL
111.0,-22.999,1008.45,VL
112.0,-22.999,1008.435,VL
113.0,-22.999,1008.42,VL
114.0,-22.999,1008.405,VL
115.0,-22.999,1008.39,VL
116.0,-22.999,1008.375,VL
117.0,-22.999,1008.36,VL
118.0,-22.999,1008.345,VL
119.0,-22.999,1008.33,VL
120.0,-22.999,1008.315,VL
121.0,-22.999,1008.3,VL
122.0,-22.999,1008.285,VL
123.0,-22.999,1008.27,VL
124.0,-22.999,1008.255,VL
125.0,-22.999,1008.24,VL
126.0,-22.999,1008.225,VL
127.0,-22.999,1008.21,VL
128.0,-22.999,1008.195,VL
129.0,-22.999,1008.18,VL
130.0,-22.999,1008.165,VL
131.0,-22.999,1008.15,VL
132.0,-22.999,1008.135,VL
133.0,-22.999,1008.12,VL
134.0,-22.999,1008.105,VL
135.0,-22.999,1008.09,VL
136.0,-22.999,1008.075,VL
137.0,-22.999,1008.06,VL
138.0,-22.999,1008.045,VL
138.0,-22.999,1008.045,VL
